<annotation verified="yes">
    <folder>Annotation</folder>
    <filename>0000.jpg</filename>
    <path>OK-PascalVOC-export/Annotations/0000.jpg</path>
    <source>
        <database>Unknown</database>
    </source>
    <size>
        <width>816</width>
        <height>420</height>
        <depth>3</depth>
    </size>
    <segmented>0</segmented>
    <object>
    <name>ok</name>
    <pose>Unspecified</pose>
    <truncated>0</truncated>
    <difficult>0</difficult>
    <bndbox>
        <xmin>3.374224672639559</xmin>
        <ymin>12.60667670682731</ymin>
        <xmax>813.7505168849069</xmax>
        <ymax>405.05647590361446</ymax>
    </bndbox>
</object>
</annotation>
