<annotation verified="yes">
    <folder>Annotation</folder>
    <filename>0001.jpg</filename>
    <path>OK-PascalVOC-export/Annotations/0001.jpg</path>
    <source>
        <database>Unknown</database>
    </source>
    <size>
        <width>816</width>
        <height>420</height>
        <depth>3</depth>
    </size>
    <segmented>0</segmented>
    <object>
    <name>ok</name>
    <pose>Unspecified</pose>
    <truncated>0</truncated>
    <difficult>0</difficult>
    <bndbox>
        <xmin>4.498966230186078</xmin>
        <ymin>18.229166666666668</ymin>
        <xmax>799.6912474155754</xmax>
        <ymax>402.8074799196787</ymax>
    </bndbox>
</object>
</annotation>
