<annotation verified="yes">
    <folder>Annotation</folder>
    <filename>0002.jpg</filename>
    <path>OK-PascalVOC-export/Annotations/0002.jpg</path>
    <source>
        <database>Unknown</database>
    </source>
    <size>
        <width>816</width>
        <height>420</height>
        <depth>3</depth>
    </size>
    <segmented>0</segmented>
    <object>
    <name>ok</name>
    <pose>Unspecified</pose>
    <truncated>0</truncated>
    <difficult>0</difficult>
    <bndbox>
        <xmin>6.748449345279118</xmin>
        <ymin>35.421686746988016</ymin>
        <xmax>801.9407305306684</xmax>
        <ymax>420</ymax>
    </bndbox>
</object>
</annotation>
