<annotation verified="yes">
    <folder>Annotation</folder>
    <filename>0004.jpg</filename>
    <path>OK-PascalVOC-export/Annotations/0004.jpg</path>
    <source>
        <database>Unknown</database>
    </source>
    <size>
        <width>816</width>
        <height>420</height>
        <depth>3</depth>
    </size>
    <segmented>0</segmented>
    <object>
    <name>ok</name>
    <pose>Unspecified</pose>
    <truncated>0</truncated>
    <difficult>0</difficult>
    <bndbox>
        <xmin>20.80771881461074</xmin>
        <ymin>10.357680722891565</ymin>
        <xmax>816</xmax>
        <ymax>394.93599397590356</ymax>
    </bndbox>
</object>
</annotation>
