<annotation verified="yes">
    <folder>Annotation</folder>
    <filename>0005.jpg</filename>
    <path>OK-PascalVOC-export/Annotations/0005.jpg</path>
    <source>
        <database>Unknown</database>
    </source>
    <size>
        <width>816</width>
        <height>420</height>
        <depth>3</depth>
    </size>
    <segmented>0</segmented>
    <object>
    <name>ok</name>
    <pose>Unspecified</pose>
    <truncated>0</truncated>
    <difficult>0</difficult>
    <bndbox>
        <xmin>7.8731909028256375</xmin>
        <ymin>9.79543172690763</ymin>
        <xmax>803.6278428669882</xmax>
        <ymax>407.8677208835341</ymax>
    </bndbox>
</object>
</annotation>
