<annotation verified="yes">
    <folder>Annotation</folder>
    <filename>0006.jpg</filename>
    <path>OK-PascalVOC-export/Annotations/0006.jpg</path>
    <source>
        <database>Unknown</database>
    </source>
    <size>
        <width>816</width>
        <height>420</height>
        <depth>3</depth>
    </size>
    <segmented>0</segmented>
    <object>
    <name>ok</name>
    <pose>Unspecified</pose>
    <truncated>0</truncated>
    <difficult>0</difficult>
    <bndbox>
        <xmin>13.496898690558236</xmin>
        <ymin>23.28940763052209</ymin>
        <xmax>791.2556857339766</xmax>
        <ymax>393.2492469879518</ymax>
    </bndbox>
</object>
</annotation>
