<annotation verified="yes">
    <folder>Annotation</folder>
    <filename>0007.jpg</filename>
    <path>OK-PascalVOC-export/Annotations/0007.jpg</path>
    <source>
        <database>Unknown</database>
    </source>
    <size>
        <width>816</width>
        <height>420</height>
        <depth>3</depth>
    </size>
    <segmented>0</segmented>
    <object>
    <name>ok</name>
    <pose>Unspecified</pose>
    <truncated>0</truncated>
    <difficult>0</difficult>
    <bndbox>
        <xmin>26.993797381116472</xmin>
        <ymin>31.160893574297187</ymin>
        <xmax>804.7525844245348</xmax>
        <ymax>401.1207329317268</ymax>
    </bndbox>
</object>
</annotation>
