<annotation verified="yes">
    <folder>Annotation</folder>
    <filename>0008.jpg</filename>
    <path>OK-PascalVOC-export/Annotations/0008.jpg</path>
    <source>
        <database>Unknown</database>
    </source>
    <size>
        <width>816</width>
        <height>420</height>
        <depth>3</depth>
    </size>
    <segmented>0</segmented>
    <object>
    <name>ok</name>
    <pose>Unspecified</pose>
    <truncated>0</truncated>
    <difficult>0</difficult>
    <bndbox>
        <xmin>0</xmin>
        <ymin>15.980170682730924</ymin>
        <xmax>777.7587870434184</xmax>
        <ymax>385.9400100401606</ymax>
    </bndbox>
</object>
</annotation>
