<annotation verified="yes">
    <folder>Annotation</folder>
    <filename>0009.jpg</filename>
    <path>OK-PascalVOC-export/Annotations/0009.jpg</path>
    <source>
        <database>Unknown</database>
    </source>
    <size>
        <width>816</width>
        <height>420</height>
        <depth>3</depth>
    </size>
    <segmented>0</segmented>
    <object>
    <name>ok</name>
    <pose>Unspecified</pose>
    <truncated>0</truncated>
    <difficult>0</difficult>
    <bndbox>
        <xmin>28.11853893866299</xmin>
        <ymin>27.225150602409638</ymin>
        <xmax>805.8773259820813</xmax>
        <ymax>397.1849899598393</ymax>
    </bndbox>
</object>
</annotation>
