<annotation verified="yes">
    <folder>Annotation</folder>
    <filename>0010.jpg</filename>
    <path>OK-PascalVOC-export/Annotations/0010.jpg</path>
    <source>
        <database>Unknown</database>
    </source>
    <size>
        <width>816</width>
        <height>420</height>
        <depth>3</depth>
    </size>
    <segmented>0</segmented>
    <object>
    <name>ok</name>
    <pose>Unspecified</pose>
    <truncated>0</truncated>
    <difficult>0</difficult>
    <bndbox>
        <xmin>2.249483115093039</xmin>
        <ymin>34.534387550200805</ymin>
        <xmax>780.0082701585114</xmax>
        <ymax>404.49422690763043</ymax>
    </bndbox>
</object>
</annotation>
