<annotation verified="yes">
    <folder>Annotation</folder>
    <filename>0011.jpg</filename>
    <path>OK-PascalVOC-export/Annotations/0011.jpg</path>
    <source>
        <database>Unknown</database>
    </source>
    <size>
        <width>816</width>
        <height>420</height>
        <depth>3</depth>
    </size>
    <segmented>0</segmented>
    <object>
    <name>ok</name>
    <pose>Unspecified</pose>
    <truncated>0</truncated>
    <difficult>0</difficult>
    <bndbox>
        <xmin>35.42935906271537</xmin>
        <ymin>18.791415662650603</ymin>
        <xmax>813.1881461061337</xmax>
        <ymax>388.75125502008024</ymax>
    </bndbox>
</object>
</annotation>
