<annotation verified="yes">
    <folder>Annotation</folder>
    <filename>0012.jpg</filename>
    <path>OK-PascalVOC-export/Annotations/0012.jpg</path>
    <source>
        <database>Unknown</database>
    </source>
    <size>
        <width>816</width>
        <height>420</height>
        <depth>3</depth>
    </size>
    <segmented>0</segmented>
    <object>
    <name>ok</name>
    <pose>Unspecified</pose>
    <truncated>0</truncated>
    <difficult>0</difficult>
    <bndbox>
        <xmin>1.6871123363197795</xmin>
        <ymin>30.59864457831325</ymin>
        <xmax>779.4458993797381</xmax>
        <ymax>400.5584839357429</ymax>
    </bndbox>
</object>
</annotation>
