<annotation verified="yes">
    <folder>Annotation</folder>
    <filename>0013.jpg</filename>
    <path>OK-PascalVOC-export/Annotations/0013.jpg</path>
    <source>
        <database>Unknown</database>
    </source>
    <size>
        <width>816</width>
        <height>420</height>
        <depth>3</depth>
    </size>
    <segmented>0</segmented>
    <object>
    <name>ok</name>
    <pose>Unspecified</pose>
    <truncated>0</truncated>
    <difficult>0</difficult>
    <bndbox>
        <xmin>29.80565127498277</xmin>
        <ymin>29.47414658634538</ymin>
        <xmax>807.5644383184011</xmax>
        <ymax>399.43398594377504</ymax>
    </bndbox>
</object>
</annotation>
