<annotation verified="yes">
    <folder>Annotation</folder>
    <filename>0014.jpg</filename>
    <path>OK-PascalVOC-export/Annotations/0014.jpg</path>
    <source>
        <database>Unknown</database>
    </source>
    <size>
        <width>816</width>
        <height>420</height>
        <depth>3</depth>
    </size>
    <segmented>0</segmented>
    <object>
    <name>ok</name>
    <pose>Unspecified</pose>
    <truncated>0</truncated>
    <difficult>0</difficult>
    <bndbox>
        <xmin>5.061337008959338</xmin>
        <ymin>19.915913654618475</ymin>
        <xmax>782.8201240523777</xmax>
        <ymax>389.8757530120481</ymax>
    </bndbox>
</object>
</annotation>
