<annotation verified="yes">
    <folder>Annotation</folder>
    <filename>0016.jpg</filename>
    <path>OK-PascalVOC-export/Annotations/0016.jpg</path>
    <source>
        <database>Unknown</database>
    </source>
    <size>
        <width>816</width>
        <height>420</height>
        <depth>3</depth>
    </size>
    <segmented>0</segmented>
    <object>
    <name>ok</name>
    <pose>Unspecified</pose>
    <truncated>0</truncated>
    <difficult>0</difficult>
    <bndbox>
        <xmin>17.433494141971053</xmin>
        <ymin>21.60266064257028</ymin>
        <xmax>801.3783597518952</xmax>
        <ymax>398.8717369477912</ymax>
    </bndbox>
</object>
</annotation>
