<annotation verified="yes">
    <folder>Annotation</folder>
    <filename>0017.jpg</filename>
    <path>OK-PascalVOC-export/Annotations/0017.jpg</path>
    <source>
        <database>Unknown</database>
    </source>
    <size>
        <width>816</width>
        <height>420</height>
        <depth>3</depth>
    </size>
    <segmented>0</segmented>
    <object>
    <name>ok</name>
    <pose>Unspecified</pose>
    <truncated>0</truncated>
    <difficult>0</difficult>
    <bndbox>
        <xmin>22.49483115093039</xmin>
        <ymin>24.41390562248996</ymin>
        <xmax>787.881461061337</xmax>
        <ymax>391.5625</ymax>
    </bndbox>
</object>
</annotation>
