<annotation verified="yes">
    <folder>Annotation</folder>
    <filename>0018.jpg</filename>
    <path>OK-PascalVOC-export/Annotations/0018.jpg</path>
    <source>
        <database>Unknown</database>
    </source>
    <size>
        <width>816</width>
        <height>420</height>
        <depth>3</depth>
    </size>
    <segmented>0</segmented>
    <object>
    <name>ok</name>
    <pose>Unspecified</pose>
    <truncated>0</truncated>
    <difficult>0</difficult>
    <bndbox>
        <xmin>47.80151619572708</xmin>
        <ymin>8.108684738955823</ymin>
        <xmax>813.1881461061336</xmax>
        <ymax>375.2572791164659</ymax>
    </bndbox>
</object>
</annotation>
