<annotation verified="yes">
    <folder>Annotation</folder>
    <filename>0019.jpg</filename>
    <path>OK-PascalVOC-export/Annotations/0019.jpg</path>
    <source>
        <database>Unknown</database>
    </source>
    <size>
        <width>816</width>
        <height>420</height>
        <depth>3</depth>
    </size>
    <segmented>0</segmented>
    <object>
    <name>ok</name>
    <pose>Unspecified</pose>
    <truncated>0</truncated>
    <difficult>0</difficult>
    <bndbox>
        <xmin>10.122674017918673</xmin>
        <ymin>10.357680722891565</ymin>
        <xmax>775.5093039283252</xmax>
        <ymax>377.50627510040164</ymax>
    </bndbox>
</object>
</annotation>
