<annotation verified="yes">
    <folder>Annotation</folder>
    <filename>0020.jpg</filename>
    <path>OK-PascalVOC-export/Annotations/0020.jpg</path>
    <source>
        <database>Unknown</database>
    </source>
    <size>
        <width>816</width>
        <height>420</height>
        <depth>3</depth>
    </size>
    <segmented>0</segmented>
    <object>
    <name>ok</name>
    <pose>Unspecified</pose>
    <truncated>0</truncated>
    <difficult>0</difficult>
    <bndbox>
        <xmin>8.435561681598893</xmin>
        <ymin>29.47414658634538</ymin>
        <xmax>773.8221915920053</xmax>
        <ymax>396.62274096385545</ymax>
    </bndbox>
</object>
</annotation>
