<annotation verified="yes">
    <folder>Annotation</folder>
    <filename>0021.jpg</filename>
    <path>OK-PascalVOC-export/Annotations/0021.jpg</path>
    <source>
        <database>Unknown</database>
    </source>
    <size>
        <width>816</width>
        <height>420</height>
        <depth>3</depth>
    </size>
    <segmented>0</segmented>
    <object>
    <name>ok</name>
    <pose>Unspecified</pose>
    <truncated>0</truncated>
    <difficult>0</difficult>
    <bndbox>
        <xmin>45.55203308063405</xmin>
        <ymin>41.84362449799197</ymin>
        <xmax>810.9386629910405</xmax>
        <ymax>408.99221887550203</ymax>
    </bndbox>
</object>
</annotation>
