<annotation verified="yes">
    <folder>Annotation</folder>
    <filename>0024.jpg</filename>
    <path>OK-PascalVOC-export/Annotations/0024.jpg</path>
    <source>
        <database>Unknown</database>
    </source>
    <size>
        <width>816</width>
        <height>420</height>
        <depth>3</depth>
    </size>
    <segmented>0</segmented>
    <object>
    <name>ok</name>
    <pose>Unspecified</pose>
    <truncated>0</truncated>
    <difficult>0</difficult>
    <bndbox>
        <xmin>9.560303239145412</xmin>
        <ymin>14.855672690763052</ymin>
        <xmax>774.9469331495518</xmax>
        <ymax>382.0042670682731</ymax>
    </bndbox>
</object>
</annotation>
