<annotation verified="yes">
    <folder>Annotation</folder>
    <filename>0025.jpg</filename>
    <path>OK-PascalVOC-export/Annotations/0025.jpg</path>
    <source>
        <database>Unknown</database>
    </source>
    <size>
        <width>816</width>
        <height>420</height>
        <depth>3</depth>
    </size>
    <segmented>0</segmented>
    <object>
    <name>ok</name>
    <pose>Unspecified</pose>
    <truncated>0</truncated>
    <difficult>0</difficult>
    <bndbox>
        <xmin>6.748449345279114</xmin>
        <ymin>37.90788152610442</ymin>
        <xmax>772.1350792556856</xmax>
        <ymax>405.05647590361446</ymax>
    </bndbox>
</object>
</annotation>
