<annotation verified="yes">
    <folder>Annotation</folder>
    <filename>0029.jpg</filename>
    <path>OK-PascalVOC-export/Annotations/0029.jpg</path>
    <source>
        <database>Unknown</database>
    </source>
    <size>
        <width>816</width>
        <height>420</height>
        <depth>3</depth>
    </size>
    <segmented>0</segmented>
    <object>
    <name>ok</name>
    <pose>Unspecified</pose>
    <truncated>0</truncated>
    <difficult>0</difficult>
    <bndbox>
        <xmin>5.623707787732594</xmin>
        <ymin>36.78338353413655</ymin>
        <xmax>771.010337698139</xmax>
        <ymax>403.9319779116466</ymax>
    </bndbox>
</object>
</annotation>
