<annotation verified="yes">
    <folder>Annotation</folder>
    <filename>0030.jpg</filename>
    <path>OK-PascalVOC-export/Annotations/0030.jpg</path>
    <source>
        <database>Unknown</database>
    </source>
    <size>
        <width>816</width>
        <height>420</height>
        <depth>3</depth>
    </size>
    <segmented>0</segmented>
    <object>
    <name>ok</name>
    <pose>Unspecified</pose>
    <truncated>0</truncated>
    <difficult>0</difficult>
    <bndbox>
        <xmin>42.17780840799448</xmin>
        <ymin>36.22113453815261</ymin>
        <xmax>807.5644383184009</xmax>
        <ymax>403.3697289156627</ymax>
    </bndbox>
</object>
</annotation>
