<annotation verified="yes">
    <folder>Annotation</folder>
    <filename>0031.jpg</filename>
    <path>OK-PascalVOC-export/Annotations/0031.jpg</path>
    <source>
        <database>Unknown</database>
    </source>
    <size>
        <width>816</width>
        <height>420</height>
        <depth>3</depth>
    </size>
    <segmented>0</segmented>
    <object>
    <name>ok</name>
    <pose>Unspecified</pose>
    <truncated>0</truncated>
    <difficult>0</difficult>
    <bndbox>
        <xmin>43.302549965541004</xmin>
        <ymin>17.666917670682732</ymin>
        <xmax>808.6891798759475</xmax>
        <ymax>384.8155120481928</ymax>
    </bndbox>
</object>
</annotation>
