<annotation verified="yes">
    <folder>Annotation</folder>
    <filename>0032.jpg</filename>
    <path>OK-PascalVOC-export/Annotations/0032.jpg</path>
    <source>
        <database>Unknown</database>
    </source>
    <size>
        <width>816</width>
        <height>420</height>
        <depth>3</depth>
    </size>
    <segmented>0</segmented>
    <object>
    <name>ok</name>
    <pose>Unspecified</pose>
    <truncated>0</truncated>
    <difficult>0</difficult>
    <bndbox>
        <xmin>6.186078566505854</xmin>
        <ymin>12.60667670682731</ymin>
        <xmax>771.5727084769123</xmax>
        <ymax>379.7552710843374</ymax>
    </bndbox>
</object>
</annotation>
