<annotation verified="yes">
    <folder>Annotation</folder>
    <filename>0033.jpg</filename>
    <path>OK-PascalVOC-export/Annotations/0033.jpg</path>
    <source>
        <database>Unknown</database>
    </source>
    <size>
        <width>816</width>
        <height>420</height>
        <depth>3</depth>
    </size>
    <segmented>0</segmented>
    <object>
    <name>ok</name>
    <pose>Unspecified</pose>
    <truncated>0</truncated>
    <difficult>0</difficult>
    <bndbox>
        <xmin>11.247415575465192</xmin>
        <ymin>33.97213855421687</ymin>
        <xmax>776.6340454858716</xmax>
        <ymax>401.12073293172693</ymax>
    </bndbox>
</object>
</annotation>
