<annotation verified="yes">
    <folder>Annotation</folder>
    <filename>0034.jpg</filename>
    <path>OK-PascalVOC-export/Annotations/0034.jpg</path>
    <source>
        <database>Unknown</database>
    </source>
    <size>
        <width>816</width>
        <height>420</height>
        <depth>3</depth>
    </size>
    <segmented>0</segmented>
    <object>
    <name>ok</name>
    <pose>Unspecified</pose>
    <truncated>0</truncated>
    <difficult>0</difficult>
    <bndbox>
        <xmin>41.615437629221226</xmin>
        <ymin>39.03237951807229</ymin>
        <xmax>807.0020675396277</xmax>
        <ymax>406.1809738955823</ymax>
    </bndbox>
</object>
</annotation>
