<annotation verified="yes">
    <folder>Annotation</folder>
    <filename>0035.jpg</filename>
    <path>OK-PascalVOC-export/Annotations/0035.jpg</path>
    <source>
        <database>Unknown</database>
    </source>
    <size>
        <width>816</width>
        <height>420</height>
        <depth>3</depth>
    </size>
    <segmented>0</segmented>
    <object>
    <name>ok</name>
    <pose>Unspecified</pose>
    <truncated>0</truncated>
    <difficult>0</difficult>
    <bndbox>
        <xmin>43.86492074431426</xmin>
        <ymin>20.47816265060241</ymin>
        <xmax>809.2515506547207</xmax>
        <ymax>387.6267570281125</ymax>
    </bndbox>
</object>
</annotation>
