<annotation verified="yes">
    <folder>Annotation</folder>
    <filename>0036.jpg</filename>
    <path>OK-PascalVOC-export/Annotations/0036.jpg</path>
    <source>
        <database>Unknown</database>
    </source>
    <size>
        <width>816</width>
        <height>420</height>
        <depth>3</depth>
    </size>
    <segmented>0</segmented>
    <object>
    <name>ok</name>
    <pose>Unspecified</pose>
    <truncated>0</truncated>
    <difficult>0</difficult>
    <bndbox>
        <xmin>3.374224672639555</xmin>
        <ymin>13.731174698795181</ymin>
        <xmax>768.760854583046</xmax>
        <ymax>380.87976907630525</ymax>
    </bndbox>
</object>
</annotation>
