<annotation verified="yes">
    <folder>Annotation</folder>
    <filename>0039.jpg</filename>
    <path>OK-PascalVOC-export/Annotations/0039.jpg</path>
    <source>
        <database>Unknown</database>
    </source>
    <size>
        <width>816</width>
        <height>420</height>
        <depth>3</depth>
    </size>
    <segmented>0</segmented>
    <object>
    <name>ok</name>
    <pose>Unspecified</pose>
    <truncated>0</truncated>
    <difficult>0</difficult>
    <bndbox>
        <xmin>46.114403859407304</xmin>
        <ymin>15.417921686746988</ymin>
        <xmax>811.5010337698137</xmax>
        <ymax>382.56651606425703</ymax>
    </bndbox>
</object>
</annotation>
