<annotation verified="yes">
    <folder>Annotation</folder>
    <filename>0040.jpg</filename>
    <path>OK-PascalVOC-export/Annotations/0040.jpg</path>
    <source>
        <database>Unknown</database>
    </source>
    <size>
        <width>816</width>
        <height>420</height>
        <depth>3</depth>
    </size>
    <segmented>0</segmented>
    <object>
    <name>ok</name>
    <pose>Unspecified</pose>
    <truncated>0</truncated>
    <difficult>0</difficult>
    <bndbox>
        <xmin>7.310820124052373</xmin>
        <ymin>13.168925702811245</ymin>
        <xmax>772.6974500344588</xmax>
        <ymax>380.3175200803213</ymax>
    </bndbox>
</object>
</annotation>
