<annotation verified="yes">
    <folder>Annotation</folder>
    <filename>0041.jpg</filename>
    <path>OK-PascalVOC-export/Annotations/0041.jpg</path>
    <source>
        <database>Unknown</database>
    </source>
    <size>
        <width>816</width>
        <height>420</height>
        <depth>3</depth>
    </size>
    <segmented>0</segmented>
    <object>
    <name>ok</name>
    <pose>Unspecified</pose>
    <truncated>0</truncated>
    <difficult>0</difficult>
    <bndbox>
        <xmin>13.49689869055823</xmin>
        <ymin>32.28539156626506</ymin>
        <xmax>778.8835286009647</xmax>
        <ymax>399.4339859437751</ymax>
    </bndbox>
</object>
</annotation>
