<annotation verified="yes">
    <folder>Annotation</folder>
    <filename>0042.jpg</filename>
    <path>OK-PascalVOC-export/Annotations/0042.jpg</path>
    <source>
        <database>Unknown</database>
    </source>
    <size>
        <width>816</width>
        <height>420</height>
        <depth>3</depth>
    </size>
    <segmented>0</segmented>
    <object>
    <name>ok</name>
    <pose>Unspecified</pose>
    <truncated>0</truncated>
    <difficult>0</difficult>
    <bndbox>
        <xmin>37.11647139903515</xmin>
        <ymin>33.40988955823293</ymin>
        <xmax>802.5031013094416</xmax>
        <ymax>400.55848393574297</ymax>
    </bndbox>
</object>
</annotation>
