<annotation verified="yes">
    <folder>Annotation</folder>
    <filename>0044.jpg</filename>
    <path>OK-PascalVOC-export/Annotations/0044.jpg</path>
    <source>
        <database>Unknown</database>
    </source>
    <size>
        <width>816</width>
        <height>420</height>
        <depth>3</depth>
    </size>
    <segmented>0</segmented>
    <object>
    <name>ok</name>
    <pose>Unspecified</pose>
    <truncated>0</truncated>
    <difficult>0</difficult>
    <bndbox>
        <xmin>37.11647139903514</xmin>
        <ymin>18.791415662650603</ymin>
        <xmax>783.3824948311508</xmax>
        <ymax>385.94001004016064</ymax>
    </bndbox>
</object>
</annotation>
