<annotation verified="yes">
    <folder>Annotation</folder>
    <filename>0047.jpg</filename>
    <path>OK-PascalVOC-export/Annotations/0047.jpg</path>
    <source>
        <database>Unknown</database>
    </source>
    <size>
        <width>816</width>
        <height>420</height>
        <depth>3</depth>
    </size>
    <segmented>0</segmented>
    <object>
    <name>ok</name>
    <pose>Unspecified</pose>
    <truncated>0</truncated>
    <difficult>0</difficult>
    <bndbox>
        <xmin>12.372157133011715</xmin>
        <ymin>21.040411646586346</ymin>
        <xmax>807.564438318401</xmax>
        <ymax>413.49021084337346</ymax>
    </bndbox>
</object>
</annotation>
