<annotation verified="yes">
    <folder>Annotation</folder>
    <filename>0048.jpg</filename>
    <path>OK-PascalVOC-export/Annotations/0048.jpg</path>
    <source>
        <database>Unknown</database>
    </source>
    <size>
        <width>816</width>
        <height>420</height>
        <depth>3</depth>
    </size>
    <segmented>0</segmented>
    <object>
    <name>ok</name>
    <pose>Unspecified</pose>
    <truncated>0</truncated>
    <difficult>0</difficult>
    <bndbox>
        <xmin>12.934527911784974</xmin>
        <ymin>12.044427710843374</ymin>
        <xmax>808.1268090971741</xmax>
        <ymax>404.49422690763043</ymax>
    </bndbox>
</object>
</annotation>
