<annotation verified="yes">
    <folder>Annotation</folder>
    <filename>0049.jpg</filename>
    <path>OK-PascalVOC-export/Annotations/0049.jpg</path>
    <source>
        <database>Unknown</database>
    </source>
    <size>
        <width>816</width>
        <height>420</height>
        <depth>3</depth>
    </size>
    <segmented>0</segmented>
    <object>
    <name>ok</name>
    <pose>Unspecified</pose>
    <truncated>0</truncated>
    <difficult>0</difficult>
    <bndbox>
        <xmin>8.997932460372155</xmin>
        <ymin>9.79543172690763</ymin>
        <xmax>804.1902136457613</xmax>
        <ymax>402.2452309236947</ymax>
    </bndbox>
</object>
</annotation>
