<annotation verified="yes">
    <folder>Annotation</folder>
    <filename>0050.jpg</filename>
    <path>OK-PascalVOC-export/Annotations/0050.jpg</path>
    <source>
        <database>Unknown</database>
    </source>
    <size>
        <width>816</width>
        <height>420</height>
        <depth>3</depth>
    </size>
    <segmented>0</segmented>
    <object>
    <name>ok</name>
    <pose>Unspecified</pose>
    <truncated>0</truncated>
    <difficult>0</difficult>
    <bndbox>
        <xmin>16.871123363197793</xmin>
        <ymin>16.54241967871486</ymin>
        <xmax>812.063404548587</xmax>
        <ymax>408.9922188755019</ymax>
    </bndbox>
</object>
</annotation>
