<annotation verified="yes">
    <folder>Annotation</folder>
    <filename>0052.jpg</filename>
    <path>OK-PascalVOC-export/Annotations/0052.jpg</path>
    <source>
        <database>Unknown</database>
    </source>
    <size>
        <width>816</width>
        <height>420</height>
        <depth>3</depth>
    </size>
    <segmented>0</segmented>
    <object>
    <name>ok</name>
    <pose>Unspecified</pose>
    <truncated>0</truncated>
    <difficult>0</difficult>
    <bndbox>
        <xmin>17.99586492074431</xmin>
        <ymin>15.417921686746988</ymin>
        <xmax>813.1881461061336</xmax>
        <ymax>407.86772088353405</ymax>
    </bndbox>
</object>
</annotation>
