<annotation verified="yes">
    <folder>Annotation</folder>
    <filename>0053.jpg</filename>
    <path>OK-PascalVOC-export/Annotations/0053.jpg</path>
    <source>
        <database>Unknown</database>
    </source>
    <size>
        <width>816</width>
        <height>420</height>
        <depth>3</depth>
    </size>
    <segmented>0</segmented>
    <object>
    <name>ok</name>
    <pose>Unspecified</pose>
    <truncated>0</truncated>
    <difficult>0</difficult>
    <bndbox>
        <xmin>27.55616815988973</xmin>
        <ymin>40.7191265060241</ymin>
        <xmax>793.5051688490696</xmax>
        <ymax>383.128765060241</ymax>
    </bndbox>
</object>
</annotation>
