<annotation verified="yes">
    <folder>Annotation</folder>
    <filename>0054.jpg</filename>
    <path>OK-PascalVOC-export/Annotations/0054.jpg</path>
    <source>
        <database>Unknown</database>
    </source>
    <size>
        <width>816</width>
        <height>420</height>
        <depth>3</depth>
    </size>
    <segmented>0</segmented>
    <object>
    <name>ok</name>
    <pose>Unspecified</pose>
    <truncated>0</truncated>
    <difficult>0</difficult>
    <bndbox>
        <xmin>20.245348035837353</xmin>
        <ymin>23.28940763052209</ymin>
        <xmax>789.5685733976567</xmax>
        <ymax>392.1247489959839</ymax>
    </bndbox>
</object>
</annotation>
