<annotation verified="yes">
    <folder>Annotation</folder>
    <filename>0055.jpg</filename>
    <path>OK-PascalVOC-export/Annotations/0055.jpg</path>
    <source>
        <database>Unknown</database>
    </source>
    <size>
        <width>816</width>
        <height>420</height>
        <depth>3</depth>
    </size>
    <segmented>0</segmented>
    <object>
    <name>ok</name>
    <pose>Unspecified</pose>
    <truncated>0</truncated>
    <difficult>0</difficult>
    <bndbox>
        <xmin>39.365954514128184</xmin>
        <ymin>26.100652610441767</ymin>
        <xmax>808.6891798759474</xmax>
        <ymax>394.93599397590356</ymax>
    </bndbox>
</object>
</annotation>
