<annotation verified="yes">
    <folder>Annotation</folder>
    <filename>0056.jpg</filename>
    <path>OK-PascalVOC-export/Annotations/0056.jpg</path>
    <source>
        <database>Unknown</database>
    </source>
    <size>
        <width>816</width>
        <height>420</height>
        <depth>3</depth>
    </size>
    <segmented>0</segmented>
    <object>
    <name>ok</name>
    <pose>Unspecified</pose>
    <truncated>0</truncated>
    <difficult>0</difficult>
    <bndbox>
        <xmin>3.9365954514128148</xmin>
        <ymin>37.90788152610442</ymin>
        <xmax>773.2598208132321</xmax>
        <ymax>406.7432228915662</ymax>
    </bndbox>
</object>
</annotation>
