<annotation verified="yes">
    <folder>Annotation</folder>
    <filename>0057.jpg</filename>
    <path>OK-PascalVOC-export/Annotations/0057.jpg</path>
    <source>
        <database>Unknown</database>
    </source>
    <size>
        <width>816</width>
        <height>420</height>
        <depth>3</depth>
    </size>
    <segmented>0</segmented>
    <object>
    <name>ok</name>
    <pose>Unspecified</pose>
    <truncated>0</truncated>
    <difficult>0</difficult>
    <bndbox>
        <xmin>8.997932460372153</xmin>
        <ymin>14.293423694779117</ymin>
        <xmax>778.3211578221914</xmax>
        <ymax>383.1287650602409</ymax>
    </bndbox>
</object>
</annotation>
