<annotation verified="yes">
    <folder>Annotation</folder>
    <filename>0058.jpg</filename>
    <path>OK-PascalVOC-export/Annotations/0058.jpg</path>
    <source>
        <database>Unknown</database>
    </source>
    <size>
        <width>816</width>
        <height>420</height>
        <depth>3</depth>
    </size>
    <segmented>0</segmented>
    <object>
    <name>ok</name>
    <pose>Unspecified</pose>
    <truncated>0</truncated>
    <difficult>0</difficult>
    <bndbox>
        <xmin>11.247415575465192</xmin>
        <ymin>15.417921686746988</ymin>
        <xmax>780.5706409372845</xmax>
        <ymax>384.25326305220875</ymax>
    </bndbox>
</object>
</annotation>
