<annotation verified="yes">
    <folder>Annotation</folder>
    <filename>0062.jpg</filename>
    <path>OK-PascalVOC-export/Annotations/0062.jpg</path>
    <source>
        <database>Unknown</database>
    </source>
    <size>
        <width>816</width>
        <height>420</height>
        <depth>3</depth>
    </size>
    <segmented>0</segmented>
    <object>
    <name>ok</name>
    <pose>Unspecified</pose>
    <truncated>0</truncated>
    <difficult>0</difficult>
    <bndbox>
        <xmin>23.05720192970365</xmin>
        <ymin>24.41390562248996</ymin>
        <xmax>792.3804272915229</xmax>
        <ymax>393.2492469879517</ymax>
    </bndbox>
</object>
</annotation>
