<annotation verified="yes">
    <folder>Annotation</folder>
    <filename>0070.jpg</filename>
    <path>OK-PascalVOC-export/Annotations/0070.jpg</path>
    <source>
        <database>Unknown</database>
    </source>
    <size>
        <width>816</width>
        <height>420</height>
        <depth>3</depth>
    </size>
    <segmented>0</segmented>
    <object>
    <name>ok</name>
    <pose>Unspecified</pose>
    <truncated>0</truncated>
    <difficult>0</difficult>
    <bndbox>
        <xmin>22.494831150930388</xmin>
        <ymin>17.666917670682732</ymin>
        <xmax>791.8180565127496</xmax>
        <ymax>386.5022590361445</ymax>
    </bndbox>
</object>
</annotation>
