<annotation verified="yes">
    <folder>Annotation</folder>
    <filename>0072.jpg</filename>
    <path>OK-PascalVOC-export/Annotations/0072.jpg</path>
    <source>
        <database>Unknown</database>
    </source>
    <size>
        <width>816</width>
        <height>420</height>
        <depth>3</depth>
    </size>
    <segmented>0</segmented>
    <object>
    <name>ok</name>
    <pose>Unspecified</pose>
    <truncated>0</truncated>
    <difficult>0</difficult>
    <bndbox>
        <xmin>25.869055823569948</xmin>
        <ymin>19.915913654618475</ymin>
        <xmax>795.1922811853892</xmax>
        <ymax>388.75125502008024</ymax>
    </bndbox>
</object>
</annotation>
