<annotation verified="yes">
    <folder>Annotation</folder>
    <filename>0075.jpg</filename>
    <path>OK-PascalVOC-export/Annotations/0075.jpg</path>
    <source>
        <database>Unknown</database>
    </source>
    <size>
        <width>816</width>
        <height>420</height>
        <depth>3</depth>
    </size>
    <segmented>0</segmented>
    <object>
    <name>ok</name>
    <pose>Unspecified</pose>
    <truncated>0</truncated>
    <difficult>0</difficult>
    <bndbox>
        <xmin>27.556168159889726</xmin>
        <ymin>22.164909638554217</ymin>
        <xmax>796.879393521709</xmax>
        <ymax>391.000251004016</ymax>
    </bndbox>
</object>
</annotation>
