<annotation verified="yes">
    <folder>Annotation</folder>
    <filename>0078.jpg</filename>
    <path>OK-PascalVOC-export/Annotations/0078.jpg</path>
    <source>
        <database>Unknown</database>
    </source>
    <size>
        <width>816</width>
        <height>420</height>
        <depth>3</depth>
    </size>
    <segmented>0</segmented>
    <object>
    <name>ok</name>
    <pose>Unspecified</pose>
    <truncated>0</truncated>
    <difficult>0</difficult>
    <bndbox>
        <xmin>28.118538938662986</xmin>
        <ymin>20.47816265060241</ymin>
        <xmax>797.4417643004822</xmax>
        <ymax>389.3135040160642</ymax>
    </bndbox>
</object>
</annotation>
