<annotation verified="yes">
    <folder>Annotation</folder>
    <filename>0082.jpg</filename>
    <path>OK-PascalVOC-export/Annotations/0082.jpg</path>
    <source>
        <database>Unknown</database>
    </source>
    <size>
        <width>816</width>
        <height>420</height>
        <depth>3</depth>
    </size>
    <segmented>0</segmented>
    <object>
    <name>ok</name>
    <pose>Unspecified</pose>
    <truncated>0</truncated>
    <difficult>0</difficult>
    <bndbox>
        <xmin>23.61957270847691</xmin>
        <ymin>32.847640562249</ymin>
        <xmax>792.9427980702961</xmax>
        <ymax>401.6829819277108</ymax>
    </bndbox>
</object>
</annotation>
