<annotation verified="yes">
    <folder>Annotation</folder>
    <filename>0087.jpg</filename>
    <path>OK-PascalVOC-export/Annotations/0087.jpg</path>
    <source>
        <database>Unknown</database>
    </source>
    <size>
        <width>816</width>
        <height>420</height>
        <depth>3</depth>
    </size>
    <segmented>0</segmented>
    <object>
    <name>ok</name>
    <pose>Unspecified</pose>
    <truncated>0</truncated>
    <difficult>0</difficult>
    <bndbox>
        <xmin>35.99172984148862</xmin>
        <ymin>24.41390562248996</ymin>
        <xmax>805.3149552033078</xmax>
        <ymax>393.2492469879517</ymax>
    </bndbox>
</object>
</annotation>
