<annotation verified="yes">
    <folder>Annotation</folder>
    <filename>0088.jpg</filename>
    <path>OK-PascalVOC-export/Annotations/0088.jpg</path>
    <source>
        <database>Unknown</database>
    </source>
    <size>
        <width>816</width>
        <height>420</height>
        <depth>3</depth>
    </size>
    <segmented>0</segmented>
    <object>
    <name>ok</name>
    <pose>Unspecified</pose>
    <truncated>0</truncated>
    <difficult>0</difficult>
    <bndbox>
        <xmin>13.49689869055823</xmin>
        <ymin>19.35366465863454</ymin>
        <xmax>782.8201240523775</xmax>
        <ymax>388.18900602409633</ymax>
    </bndbox>
</object>
</annotation>
