<annotation verified="yes">
    <folder>Annotation</folder>
    <filename>0089.jpg</filename>
    <path>OK-PascalVOC-export/Annotations/0089.jpg</path>
    <source>
        <database>Unknown</database>
    </source>
    <size>
        <width>816</width>
        <height>420</height>
        <depth>3</depth>
    </size>
    <segmented>0</segmented>
    <object>
    <name>ok</name>
    <pose>Unspecified</pose>
    <truncated>0</truncated>
    <difficult>0</difficult>
    <bndbox>
        <xmin>30.368022053756025</xmin>
        <ymin>24.976154618473895</ymin>
        <xmax>799.6912474155753</xmax>
        <ymax>393.8114959839357</ymax>
    </bndbox>
</object>
</annotation>
