<annotation verified="yes">
    <folder>Annotation</folder>
    <filename>0091.jpg</filename>
    <path>OK-PascalVOC-export/Annotations/0091.jpg</path>
    <source>
        <database>Unknown</database>
    </source>
    <size>
        <width>816</width>
        <height>420</height>
        <depth>3</depth>
    </size>
    <segmented>0</segmented>
    <object>
    <name>ok</name>
    <pose>Unspecified</pose>
    <truncated>0</truncated>
    <difficult>0</difficult>
    <bndbox>
        <xmin>34.866988283942106</xmin>
        <ymin>24.41390562248996</ymin>
        <xmax>804.1902136457613</xmax>
        <ymax>393.2492469879517</ymax>
    </bndbox>
</object>
</annotation>
