<annotation verified="yes">
    <folder>Annotation</folder>
    <filename>0093.jpg</filename>
    <path>OK-PascalVOC-export/Annotations/0093.jpg</path>
    <source>
        <database>Unknown</database>
    </source>
    <size>
        <width>816</width>
        <height>420</height>
        <depth>3</depth>
    </size>
    <segmented>0</segmented>
    <object>
    <name>ok</name>
    <pose>Unspecified</pose>
    <truncated>0</truncated>
    <difficult>0</difficult>
    <bndbox>
        <xmin>31.492763611302546</xmin>
        <ymin>26.662901606425702</ymin>
        <xmax>800.8159889731218</xmax>
        <ymax>395.49824297188746</ymax>
    </bndbox>
</object>
</annotation>
