<annotation verified="yes">
    <folder>Annotation</folder>
    <filename>0095.jpg</filename>
    <path>OK-PascalVOC-export/Annotations/0095.jpg</path>
    <source>
        <database>Unknown</database>
    </source>
    <size>
        <width>816</width>
        <height>420</height>
        <depth>3</depth>
    </size>
    <segmented>0</segmented>
    <object>
    <name>ok</name>
    <pose>Unspecified</pose>
    <truncated>0</truncated>
    <difficult>0</difficult>
    <bndbox>
        <xmin>33.17987594762232</xmin>
        <ymin>30.036395582329316</ymin>
        <xmax>802.5031013094416</xmax>
        <ymax>398.8717369477911</ymax>
    </bndbox>
</object>
</annotation>
