<annotation verified="yes">
    <folder>Annotation</folder>
    <filename>0096.jpg</filename>
    <path>OK-PascalVOC-export/Annotations/0096.jpg</path>
    <source>
        <database>Unknown</database>
    </source>
    <size>
        <width>816</width>
        <height>420</height>
        <depth>3</depth>
    </size>
    <segmented>0</segmented>
    <object>
    <name>ok</name>
    <pose>Unspecified</pose>
    <truncated>0</truncated>
    <difficult>0</difficult>
    <bndbox>
        <xmin>16.308752584424532</xmin>
        <ymin>21.60266064257028</ymin>
        <xmax>785.6319779462438</xmax>
        <ymax>390.4380020080321</ymax>
    </bndbox>
</object>
</annotation>
