<annotation verified="yes">
    <folder>Annotation</folder>
    <filename>0098.jpg</filename>
    <path>OK-PascalVOC-export/Annotations/0098.jpg</path>
    <source>
        <database>Unknown</database>
    </source>
    <size>
        <width>816</width>
        <height>420</height>
        <depth>3</depth>
    </size>
    <segmented>0</segmented>
    <object>
    <name>ok</name>
    <pose>Unspecified</pose>
    <truncated>0</truncated>
    <difficult>0</difficult>
    <bndbox>
        <xmin>25.869055823569948</xmin>
        <ymin>22.727158634538153</ymin>
        <xmax>795.1922811853892</xmax>
        <ymax>391.56249999999994</ymax>
    </bndbox>
</object>
</annotation>
