<annotation verified="yes">
    <folder>Annotation</folder>
    <filename>0099.jpg</filename>
    <path>OK-PascalVOC-export/Annotations/0099.jpg</path>
    <source>
        <database>Unknown</database>
    </source>
    <size>
        <width>816</width>
        <height>420</height>
        <depth>3</depth>
    </size>
    <segmented>0</segmented>
    <object>
    <name>ok</name>
    <pose>Unspecified</pose>
    <truncated>0</truncated>
    <difficult>0</difficult>
    <bndbox>
        <xmin>19.68297725706409</xmin>
        <ymin>14.855672690763052</ymin>
        <xmax>789.0062026188833</xmax>
        <ymax>383.69101405622484</ymax>
    </bndbox>
</object>
</annotation>
