<annotation verified="yes">
    <folder>Annotation</folder>
    <filename>0100.jpg</filename>
    <path>OK-PascalVOC-export/Annotations/0100.jpg</path>
    <source>
        <database>Unknown</database>
    </source>
    <size>
        <width>816</width>
        <height>420</height>
        <depth>3</depth>
    </size>
    <segmented>0</segmented>
    <object>
    <name>ok</name>
    <pose>Unspecified</pose>
    <truncated>0</truncated>
    <difficult>0</difficult>
    <bndbox>
        <xmin>41.05306685044797</xmin>
        <ymin>13.731174698795181</ymin>
        <xmax>810.3762922122672</xmax>
        <ymax>382.566516064257</ymax>
    </bndbox>
</object>
</annotation>
