<annotation verified="yes">
    <folder>Annotation</folder>
    <filename>0101.jpg</filename>
    <path>OK-PascalVOC-export/Annotations/0101.jpg</path>
    <source>
        <database>Unknown</database>
    </source>
    <size>
        <width>816</width>
        <height>420</height>
        <depth>3</depth>
    </size>
    <segmented>0</segmented>
    <object>
    <name>ok</name>
    <pose>Unspecified</pose>
    <truncated>0</truncated>
    <difficult>0</difficult>
    <bndbox>
        <xmin>9.560303239145412</xmin>
        <ymin>35.09663654618474</ymin>
        <xmax>778.8835286009646</xmax>
        <ymax>403.9319779116465</ymax>
    </bndbox>
</object>
</annotation>
