<annotation verified="yes">
    <folder>Annotation</folder>
    <filename>0102.jpg</filename>
    <path>OK-PascalVOC-export/Annotations/0102.jpg</path>
    <source>
        <database>Unknown</database>
    </source>
    <size>
        <width>816</width>
        <height>420</height>
        <depth>3</depth>
    </size>
    <segmented>0</segmented>
    <object>
    <name>ok</name>
    <pose>Unspecified</pose>
    <truncated>0</truncated>
    <difficult>0</difficult>
    <bndbox>
        <xmin>7.310820124052373</xmin>
        <ymin>8.670933734939759</ymin>
        <xmax>776.6340454858716</xmax>
        <ymax>377.5062751004015</ymax>
    </bndbox>
</object>
</annotation>
