<annotation verified="yes">
    <folder>Annotation</folder>
    <filename>0104.jpg</filename>
    <path>OK-PascalVOC-export/Annotations/0104.jpg</path>
    <source>
        <database>Unknown</database>
    </source>
    <size>
        <width>816</width>
        <height>420</height>
        <depth>3</depth>
    </size>
    <segmented>0</segmented>
    <object>
    <name>ok</name>
    <pose>Unspecified</pose>
    <truncated>0</truncated>
    <difficult>0</difficult>
    <bndbox>
        <xmin>15.746381805651271</xmin>
        <ymin>9.79543172690763</ymin>
        <xmax>785.0696071674705</xmax>
        <ymax>378.6307730923694</ymax>
    </bndbox>
</object>
</annotation>
