<annotation verified="yes">
    <folder>Annotation</folder>
    <filename>0105.jpg</filename>
    <path>OK-PascalVOC-export/Annotations/0105.jpg</path>
    <source>
        <database>Unknown</database>
    </source>
    <size>
        <width>816</width>
        <height>420</height>
        <depth>3</depth>
    </size>
    <segmented>0</segmented>
    <object>
    <name>ok</name>
    <pose>Unspecified</pose>
    <truncated>0</truncated>
    <difficult>0</difficult>
    <bndbox>
        <xmin>14.059269469331491</xmin>
        <ymin>15.417921686746988</ymin>
        <xmax>783.3824948311508</xmax>
        <ymax>384.25326305220875</ymax>
    </bndbox>
</object>
</annotation>
