<annotation verified="yes">
    <folder>Annotation</folder>
    <filename>0106.jpg</filename>
    <path>OK-PascalVOC-export/Annotations/0106.jpg</path>
    <source>
        <database>Unknown</database>
    </source>
    <size>
        <width>816</width>
        <height>420</height>
        <depth>3</depth>
    </size>
    <segmented>0</segmented>
    <object>
    <name>ok</name>
    <pose>Unspecified</pose>
    <truncated>0</truncated>
    <difficult>0</difficult>
    <bndbox>
        <xmin>26.431426602343212</xmin>
        <ymin>33.40988955823293</ymin>
        <xmax>776.6340454858718</xmax>
        <ymax>378.63077309236945</ymax>
    </bndbox>
</object>
</annotation>
