<annotation verified="yes">
    <folder>Annotation</folder>
    <filename>0108.jpg</filename>
    <path>OK-PascalVOC-export/Annotations/0108.jpg</path>
    <source>
        <database>Unknown</database>
    </source>
    <size>
        <width>816</width>
        <height>420</height>
        <depth>3</depth>
    </size>
    <segmented>0</segmented>
    <object>
    <name>ok</name>
    <pose>Unspecified</pose>
    <truncated>0</truncated>
    <difficult>0</difficult>
    <bndbox>
        <xmin>16.308752584424536</xmin>
        <ymin>24.976154618473895</ymin>
        <xmax>791.2556857339765</xmax>
        <ymax>388.1890060240964</ymax>
    </bndbox>
</object>
</annotation>
