<annotation verified="yes">
    <folder>Annotation</folder>
    <filename>0109.jpg</filename>
    <path>OK-PascalVOC-export/Annotations/0109.jpg</path>
    <source>
        <database>Unknown</database>
    </source>
    <size>
        <width>816</width>
        <height>420</height>
        <depth>3</depth>
    </size>
    <segmented>0</segmented>
    <object>
    <name>ok</name>
    <pose>Unspecified</pose>
    <truncated>0</truncated>
    <difficult>0</difficult>
    <bndbox>
        <xmin>32.05513439007581</xmin>
        <ymin>25.53840361445783</ymin>
        <xmax>807.0020675396279</xmax>
        <ymax>388.75125502008024</ymax>
    </bndbox>
</object>
</annotation>
