<annotation verified="yes">
    <folder>Annotation</folder>
    <filename>0110.jpg</filename>
    <path>OK-PascalVOC-export/Annotations/0110.jpg</path>
    <source>
        <database>Unknown</database>
    </source>
    <size>
        <width>816</width>
        <height>420</height>
        <depth>3</depth>
    </size>
    <segmented>0</segmented>
    <object>
    <name>ok</name>
    <pose>Unspecified</pose>
    <truncated>0</truncated>
    <difficult>0</difficult>
    <bndbox>
        <xmin>13.496898690558236</xmin>
        <ymin>11.482178714859439</ymin>
        <xmax>788.4438318401103</xmax>
        <ymax>374.6950301204819</ymax>
    </bndbox>
</object>
</annotation>
