<annotation verified="yes">
    <folder>Annotation</folder>
    <filename>0112.jpg</filename>
    <path>OK-PascalVOC-export/Annotations/0112.jpg</path>
    <source>
        <database>Unknown</database>
    </source>
    <size>
        <width>816</width>
        <height>420</height>
        <depth>3</depth>
    </size>
    <segmented>0</segmented>
    <object>
    <name>ok</name>
    <pose>Unspecified</pose>
    <truncated>0</truncated>
    <difficult>0</difficult>
    <bndbox>
        <xmin>2.249483115093039</xmin>
        <ymin>42.4058734939759</ymin>
        <xmax>777.1964162646451</xmax>
        <ymax>405.6187248995983</ymax>
    </bndbox>
</object>
</annotation>
