<annotation verified="yes">
    <folder>Annotation</folder>
    <filename>0113.jpg</filename>
    <path>OK-PascalVOC-export/Annotations/0113.jpg</path>
    <source>
        <database>Unknown</database>
    </source>
    <size>
        <width>816</width>
        <height>420</height>
        <depth>3</depth>
    </size>
    <segmented>0</segmented>
    <object>
    <name>ok</name>
    <pose>Unspecified</pose>
    <truncated>0</truncated>
    <difficult>0</difficult>
    <bndbox>
        <xmin>27.55616815988973</xmin>
        <ymin>16.54241967871486</ymin>
        <xmax>802.5031013094417</xmax>
        <ymax>379.75527108433727</ymax>
    </bndbox>
</object>
</annotation>
