<annotation verified="yes">
    <folder>Annotation</folder>
    <filename>0114.jpg</filename>
    <path>OK-PascalVOC-export/Annotations/0114.jpg</path>
    <source>
        <database>Unknown</database>
    </source>
    <size>
        <width>816</width>
        <height>420</height>
        <depth>3</depth>
    </size>
    <segmented>0</segmented>
    <object>
    <name>ok</name>
    <pose>Unspecified</pose>
    <truncated>0</truncated>
    <difficult>0</difficult>
    <bndbox>
        <xmin>11.809786354238456</xmin>
        <ymin>28.34964859437751</ymin>
        <xmax>786.7567195037905</xmax>
        <ymax>391.56249999999994</ymax>
    </bndbox>
</object>
</annotation>
