<annotation verified="yes">
    <folder>Annotation</folder>
    <filename>0116.jpg</filename>
    <path>OK-PascalVOC-export/Annotations/0116.jpg</path>
    <source>
        <database>Unknown</database>
    </source>
    <size>
        <width>816</width>
        <height>420</height>
        <depth>3</depth>
    </size>
    <segmented>0</segmented>
    <object>
    <name>ok</name>
    <pose>Unspecified</pose>
    <truncated>0</truncated>
    <difficult>0</difficult>
    <bndbox>
        <xmin>32.61750516884907</xmin>
        <ymin>37.34563253012048</ymin>
        <xmax>807.5644383184011</xmax>
        <ymax>400.5584839357429</ymax>
    </bndbox>
</object>
</annotation>
