<annotation verified="yes">
    <folder>Annotation</folder>
    <filename>0117.jpg</filename>
    <path>OK-PascalVOC-export/Annotations/0117.jpg</path>
    <source>
        <database>Unknown</database>
    </source>
    <size>
        <width>816</width>
        <height>420</height>
        <depth>3</depth>
    </size>
    <segmented>0</segmented>
    <object>
    <name>ok</name>
    <pose>Unspecified</pose>
    <truncated>0</truncated>
    <difficult>0</difficult>
    <bndbox>
        <xmin>21.93246037215713</xmin>
        <ymin>22.164909638554217</ymin>
        <xmax>796.8793935217092</xmax>
        <ymax>385.3777610441766</ymax>
    </bndbox>
</object>
</annotation>
