<annotation verified="yes">
    <folder>Annotation</folder>
    <filename>0119.jpg</filename>
    <path>OK-PascalVOC-export/Annotations/0119.jpg</path>
    <source>
        <database>Unknown</database>
    </source>
    <size>
        <width>816</width>
        <height>420</height>
        <depth>3</depth>
    </size>
    <segmented>0</segmented>
    <object>
    <name>ok</name>
    <pose>Unspecified</pose>
    <truncated>0</truncated>
    <difficult>0</difficult>
    <bndbox>
        <xmin>14.059269469331495</xmin>
        <ymin>19.915913654618475</ymin>
        <xmax>789.0062026188835</xmax>
        <ymax>383.1287650602409</ymax>
    </bndbox>
</object>
</annotation>
