<annotation verified="yes">
    <folder>Annotation</folder>
    <filename>0125.jpg</filename>
    <path>OK-PascalVOC-export/Annotations/0125.jpg</path>
    <source>
        <database>Unknown</database>
    </source>
    <size>
        <width>816</width>
        <height>420</height>
        <depth>3</depth>
    </size>
    <segmented>0</segmented>
    <object>
    <name>ok</name>
    <pose>Unspecified</pose>
    <truncated>0</truncated>
    <difficult>0</difficult>
    <bndbox>
        <xmin>4.4989662301860776</xmin>
        <ymin>9.233182730923694</ymin>
        <xmax>808.6891798759476</xmax>
        <ymax>408.99221887550203</ymax>
    </bndbox>
</object>
</annotation>
