<annotation verified="yes">
    <folder>Annotation</folder>
    <filename>0126.jpg</filename>
    <path>OK-PascalVOC-export/Annotations/0126.jpg</path>
    <source>
        <database>Unknown</database>
    </source>
    <size>
        <width>816</width>
        <height>420</height>
        <depth>3</depth>
    </size>
    <segmented>0</segmented>
    <object>
    <name>ok</name>
    <pose>Unspecified</pose>
    <truncated>0</truncated>
    <difficult>0</difficult>
    <bndbox>
        <xmin>7.310820124052377</xmin>
        <ymin>0</ymin>
        <xmax>811.501033769814</xmax>
        <ymax>399.7590361445783</ymax>
    </bndbox>
</object>
</annotation>
