<annotation verified="yes">
    <folder>Annotation</folder>
    <filename>0127.jpg</filename>
    <path>OK-PascalVOC-export/Annotations/0127.jpg</path>
    <source>
        <database>Unknown</database>
    </source>
    <size>
        <width>816</width>
        <height>420</height>
        <depth>3</depth>
    </size>
    <segmented>0</segmented>
    <object>
    <name>ok</name>
    <pose>Unspecified</pose>
    <truncated>0</truncated>
    <difficult>0</difficult>
    <bndbox>
        <xmin>3.936595451412818</xmin>
        <ymin>13.168925702811245</ymin>
        <xmax>808.1268090971744</xmax>
        <ymax>412.92796184738955</ymax>
    </bndbox>
</object>
</annotation>
