<annotation verified="yes">
    <folder>Annotation</folder>
    <filename>0128.jpg</filename>
    <path>OK-PascalVOC-export/Annotations/0128.jpg</path>
    <source>
        <database>Unknown</database>
    </source>
    <size>
        <width>816</width>
        <height>420</height>
        <depth>3</depth>
    </size>
    <segmented>0</segmented>
    <object>
    <name>ok</name>
    <pose>Unspecified</pose>
    <truncated>0</truncated>
    <difficult>0</difficult>
    <bndbox>
        <xmin>11.809786354238456</xmin>
        <ymin>9.79543172690763</ymin>
        <xmax>816</xmax>
        <ymax>409.55446787148594</ymax>
    </bndbox>
</object>
</annotation>
