<annotation verified="yes">
    <folder>Annotation</folder>
    <filename>0129.jpg</filename>
    <path>OK-PascalVOC-export/Annotations/0129.jpg</path>
    <source>
        <database>Unknown</database>
    </source>
    <size>
        <width>816</width>
        <height>420</height>
        <depth>3</depth>
    </size>
    <segmented>0</segmented>
    <object>
    <name>ok</name>
    <pose>Unspecified</pose>
    <truncated>0</truncated>
    <difficult>0</difficult>
    <bndbox>
        <xmin>0</xmin>
        <ymin>5.8596887550200805</ymin>
        <xmax>804.1902136457616</xmax>
        <ymax>405.6187248995984</ymax>
    </bndbox>
</object>
</annotation>
