<annotation verified="yes">
    <folder>Annotation</folder>
    <filename>0130.jpg</filename>
    <path>OK-PascalVOC-export/Annotations/0130.jpg</path>
    <source>
        <database>Unknown</database>
    </source>
    <size>
        <width>816</width>
        <height>420</height>
        <depth>3</depth>
    </size>
    <segmented>0</segmented>
    <object>
    <name>ok</name>
    <pose>Unspecified</pose>
    <truncated>0</truncated>
    <difficult>0</difficult>
    <bndbox>
        <xmin>8.435561681598896</xmin>
        <ymin>8.108684738955823</ymin>
        <xmax>812.6257753273604</xmax>
        <ymax>407.86772088353416</ymax>
    </bndbox>
</object>
</annotation>
