<annotation verified="yes">
    <folder>Annotation</folder>
    <filename>0132.jpg</filename>
    <path>OK-PascalVOC-export/Annotations/0132.jpg</path>
    <source>
        <database>Unknown</database>
    </source>
    <size>
        <width>816</width>
        <height>420</height>
        <depth>3</depth>
    </size>
    <segmented>0</segmented>
    <object>
    <name>ok</name>
    <pose>Unspecified</pose>
    <truncated>0</truncated>
    <difficult>0</difficult>
    <bndbox>
        <xmin>6.1860785665058575</xmin>
        <ymin>4.735190763052209</ymin>
        <xmax>810.3762922122675</xmax>
        <ymax>404.49422690763055</ymax>
    </bndbox>
</object>
</annotation>
