<annotation verified="yes">
    <folder>Annotation</folder>
    <filename>0135.jpg</filename>
    <path>OK-PascalVOC-export/Annotations/0135.jpg</path>
    <source>
        <database>Unknown</database>
    </source>
    <size>
        <width>816</width>
        <height>420</height>
        <depth>3</depth>
    </size>
    <segmented>0</segmented>
    <object>
    <name>ok</name>
    <pose>Unspecified</pose>
    <truncated>0</truncated>
    <difficult>0</difficult>
    <bndbox>
        <xmin>23.057201929703652</xmin>
        <ymin>21.040411646586346</ymin>
        <xmax>795.1922811853893</xmax>
        <ymax>398.3094879518072</ymax>
    </bndbox>
</object>
</annotation>
