<annotation verified="yes">
    <folder>Annotation</folder>
    <filename>0136.jpg</filename>
    <path>OK-PascalVOC-export/Annotations/0136.jpg</path>
    <source>
        <database>Unknown</database>
    </source>
    <size>
        <width>816</width>
        <height>420</height>
        <depth>3</depth>
    </size>
    <segmented>0</segmented>
    <object>
    <name>ok</name>
    <pose>Unspecified</pose>
    <truncated>0</truncated>
    <difficult>0</difficult>
    <bndbox>
        <xmin>32.05513439007581</xmin>
        <ymin>19.915913654618475</ymin>
        <xmax>804.1902136457613</xmax>
        <ymax>397.18498995983936</ymax>
    </bndbox>
</object>
</annotation>
