<annotation verified="yes">
    <folder>Annotation</folder>
    <filename>0137.jpg</filename>
    <path>OK-PascalVOC-export/Annotations/0137.jpg</path>
    <source>
        <database>Unknown</database>
    </source>
    <size>
        <width>816</width>
        <height>420</height>
        <depth>3</depth>
    </size>
    <segmented>0</segmented>
    <object>
    <name>ok</name>
    <pose>Unspecified</pose>
    <truncated>0</truncated>
    <difficult>0</difficult>
    <bndbox>
        <xmin>19.68297725706409</xmin>
        <ymin>28.911897590361445</ymin>
        <xmax>791.8180565127496</xmax>
        <ymax>406.1809738955823</ymax>
    </bndbox>
</object>
</annotation>
