<annotation verified="yes">
    <folder>Annotation</folder>
    <filename>0138.jpg</filename>
    <path>OK-PascalVOC-export/Annotations/0138.jpg</path>
    <source>
        <database>Unknown</database>
    </source>
    <size>
        <width>816</width>
        <height>420</height>
        <depth>3</depth>
    </size>
    <segmented>0</segmented>
    <object>
    <name>ok</name>
    <pose>Unspecified</pose>
    <truncated>0</truncated>
    <difficult>0</difficult>
    <bndbox>
        <xmin>24.744314266023427</xmin>
        <ymin>12.044427710843374</ymin>
        <xmax>796.8793935217091</xmax>
        <ymax>389.31350401606426</ymax>
    </bndbox>
</object>
</annotation>
