<annotation verified="yes">
    <folder>Annotation</folder>
    <filename>0139.jpg</filename>
    <path>OK-PascalVOC-export/Annotations/0139.jpg</path>
    <source>
        <database>Unknown</database>
    </source>
    <size>
        <width>816</width>
        <height>420</height>
        <depth>3</depth>
    </size>
    <segmented>0</segmented>
    <object>
    <name>ok</name>
    <pose>Unspecified</pose>
    <truncated>0</truncated>
    <difficult>0</difficult>
    <bndbox>
        <xmin>0.5623707787732558</xmin>
        <ymin>19.35366465863454</ymin>
        <xmax>772.6974500344588</xmax>
        <ymax>396.62274096385545</ymax>
    </bndbox>
</object>
</annotation>
