<annotation verified="yes">
    <folder>Annotation</folder>
    <filename>0140.jpg</filename>
    <path>OK-PascalVOC-export/Annotations/0140.jpg</path>
    <source>
        <database>Unknown</database>
    </source>
    <size>
        <width>816</width>
        <height>420</height>
        <depth>3</depth>
    </size>
    <segmented>0</segmented>
    <object>
    <name>ok</name>
    <pose>Unspecified</pose>
    <truncated>0</truncated>
    <difficult>0</difficult>
    <bndbox>
        <xmin>31.492763611302546</xmin>
        <ymin>20.47816265060241</ymin>
        <xmax>803.6278428669881</xmax>
        <ymax>397.7472389558233</ymax>
    </bndbox>
</object>
</annotation>
