<annotation verified="yes">
    <folder>Annotation</folder>
    <filename>0141.jpg</filename>
    <path>OK-PascalVOC-export/Annotations/0141.jpg</path>
    <source>
        <database>Unknown</database>
    </source>
    <size>
        <width>816</width>
        <height>420</height>
        <depth>3</depth>
    </size>
    <segmented>0</segmented>
    <object>
    <name>ok</name>
    <pose>Unspecified</pose>
    <truncated>0</truncated>
    <difficult>0</difficult>
    <bndbox>
        <xmin>14.62164024810475</xmin>
        <ymin>18.229166666666668</ymin>
        <xmax>786.7567195037904</xmax>
        <ymax>395.4982429718876</ymax>
    </bndbox>
</object>
</annotation>
