<annotation verified="yes">
    <folder>Annotation</folder>
    <filename>0142.jpg</filename>
    <path>OK-PascalVOC-export/Annotations/0142.jpg</path>
    <source>
        <database>Unknown</database>
    </source>
    <size>
        <width>816</width>
        <height>420</height>
        <depth>3</depth>
    </size>
    <segmented>0</segmented>
    <object>
    <name>ok</name>
    <pose>Unspecified</pose>
    <truncated>0</truncated>
    <difficult>0</difficult>
    <bndbox>
        <xmin>12.934527911784972</xmin>
        <ymin>15.417921686746988</ymin>
        <xmax>785.0696071674705</xmax>
        <ymax>392.68699799196787</ymax>
    </bndbox>
</object>
</annotation>
