<annotation verified="yes">
    <folder>Annotation</folder>
    <filename>0143.jpg</filename>
    <path>OK-PascalVOC-export/Annotations/0143.jpg</path>
    <source>
        <database>Unknown</database>
    </source>
    <size>
        <width>816</width>
        <height>420</height>
        <depth>3</depth>
    </size>
    <segmented>0</segmented>
    <object>
    <name>ok</name>
    <pose>Unspecified</pose>
    <truncated>0</truncated>
    <difficult>0</difficult>
    <bndbox>
        <xmin>15.746381805651271</xmin>
        <ymin>14.855672690763052</ymin>
        <xmax>787.8814610613368</xmax>
        <ymax>392.12474899598396</ymax>
    </bndbox>
</object>
</annotation>
