<annotation verified="yes">
    <folder>Annotation</folder>
    <filename>0144.jpg</filename>
    <path>OK-PascalVOC-export/Annotations/0144.jpg</path>
    <source>
        <database>Unknown</database>
    </source>
    <size>
        <width>816</width>
        <height>420</height>
        <depth>3</depth>
    </size>
    <segmented>0</segmented>
    <object>
    <name>ok</name>
    <pose>Unspecified</pose>
    <truncated>0</truncated>
    <difficult>0</difficult>
    <bndbox>
        <xmin>11.809786354238453</xmin>
        <ymin>10.919929718875501</ymin>
        <xmax>783.944865609924</xmax>
        <ymax>388.1890060240964</ymax>
    </bndbox>
</object>
</annotation>
