<annotation verified="yes">
    <folder>Annotation</folder>
    <filename>0145.jpg</filename>
    <path>OK-PascalVOC-export/Annotations/0145.jpg</path>
    <source>
        <database>Unknown</database>
    </source>
    <size>
        <width>816</width>
        <height>420</height>
        <depth>3</depth>
    </size>
    <segmented>0</segmented>
    <object>
    <name>ok</name>
    <pose>Unspecified</pose>
    <truncated>0</truncated>
    <difficult>0</difficult>
    <bndbox>
        <xmin>19.682977257064092</xmin>
        <ymin>26.100652610441763</ymin>
        <xmax>800.2536181943485</xmax>
        <ymax>397.7472389558233</ymax>
    </bndbox>
</object>
</annotation>
