<annotation verified="yes">
    <folder>Annotation</folder>
    <filename>0146.jpg</filename>
    <path>OK-PascalVOC-export/Annotations/0146.jpg</path>
    <source>
        <database>Unknown</database>
    </source>
    <size>
        <width>816</width>
        <height>420</height>
        <depth>3</depth>
    </size>
    <segmented>0</segmented>
    <object>
    <name>ok</name>
    <pose>Unspecified</pose>
    <truncated>0</truncated>
    <difficult>0</difficult>
    <bndbox>
        <xmin>33.742246726395585</xmin>
        <ymin>15.417921686746984</ymin>
        <xmax>814.3128876636799</xmax>
        <ymax>387.0645080321285</ymax>
    </bndbox>
</object>
</annotation>
