<annotation verified="yes">
    <folder>Annotation</folder>
    <filename>0148.jpg</filename>
    <path>OK-PascalVOC-export/Annotations/0148.jpg</path>
    <source>
        <database>Unknown</database>
    </source>
    <size>
        <width>816</width>
        <height>420</height>
        <depth>3</depth>
    </size>
    <segmented>0</segmented>
    <object>
    <name>ok</name>
    <pose>Unspecified</pose>
    <truncated>0</truncated>
    <difficult>0</difficult>
    <bndbox>
        <xmin>30.368022053756025</xmin>
        <ymin>26.6629016064257</ymin>
        <xmax>810.9386629910404</xmax>
        <ymax>398.3094879518072</ymax>
    </bndbox>
</object>
</annotation>
