<annotation verified="yes">
    <folder>Annotation</folder>
    <filename>0150.jpg</filename>
    <path>OK-PascalVOC-export/Annotations/0150.jpg</path>
    <source>
        <database>Unknown</database>
    </source>
    <size>
        <width>816</width>
        <height>420</height>
        <depth>3</depth>
    </size>
    <segmented>0</segmented>
    <object>
    <name>ok</name>
    <pose>Unspecified</pose>
    <truncated>0</truncated>
    <difficult>0</difficult>
    <bndbox>
        <xmin>28.118538938662986</xmin>
        <ymin>24.976154618473892</ymin>
        <xmax>808.6891798759473</xmax>
        <ymax>396.62274096385545</ymax>
    </bndbox>
</object>
</annotation>
