<annotation verified="yes">
    <folder>Annotation</folder>
    <filename>0151.jpg</filename>
    <path>OK-PascalVOC-export/Annotations/0151.jpg</path>
    <source>
        <database>Unknown</database>
    </source>
    <size>
        <width>816</width>
        <height>420</height>
        <depth>3</depth>
    </size>
    <segmented>0</segmented>
    <object>
    <name>ok</name>
    <pose>Unspecified</pose>
    <truncated>0</truncated>
    <difficult>0</difficult>
    <bndbox>
        <xmin>12.372157133011711</xmin>
        <ymin>16.542419678714854</ymin>
        <xmax>792.942798070296</xmax>
        <ymax>388.1890060240964</ymax>
    </bndbox>
</object>
</annotation>
