<annotation verified="yes">
    <folder>Annotation</folder>
    <filename>0152.jpg</filename>
    <path>OK-PascalVOC-export/Annotations/0152.jpg</path>
    <source>
        <database>Unknown</database>
    </source>
    <size>
        <width>816</width>
        <height>420</height>
        <depth>3</depth>
    </size>
    <segmented>0</segmented>
    <object>
    <name>ok</name>
    <pose>Unspecified</pose>
    <truncated>0</truncated>
    <difficult>0</difficult>
    <bndbox>
        <xmin>2.2494831150930352</xmin>
        <ymin>35.09663654618473</ymin>
        <xmax>782.8201240523774</xmax>
        <ymax>406.7432228915663</ymax>
    </bndbox>
</object>
</annotation>
