<annotation verified="yes">
    <folder>Annotation</folder>
    <filename>0155.jpg</filename>
    <path>OK-PascalVOC-export/Annotations/0155.jpg</path>
    <source>
        <database>Unknown</database>
    </source>
    <size>
        <width>816</width>
        <height>420</height>
        <depth>3</depth>
    </size>
    <segmented>0</segmented>
    <object>
    <name>ok</name>
    <pose>Unspecified</pose>
    <truncated>0</truncated>
    <difficult>0</difficult>
    <bndbox>
        <xmin>24.181943487250166</xmin>
        <ymin>27.78739959839357</ymin>
        <xmax>804.7525844245345</xmax>
        <ymax>399.4339859437751</ymax>
    </bndbox>
</object>
</annotation>
