<annotation verified="yes">
    <folder>Annotation</folder>
    <filename>0158.jpg</filename>
    <path>OK-PascalVOC-export/Annotations/0158.jpg</path>
    <source>
        <database>Unknown</database>
    </source>
    <size>
        <width>816</width>
        <height>420</height>
        <depth>3</depth>
    </size>
    <segmented>0</segmented>
    <object>
    <name>ok</name>
    <pose>Unspecified</pose>
    <truncated>0</truncated>
    <difficult>0</difficult>
    <bndbox>
        <xmin>31.492763611302546</xmin>
        <ymin>12.606676706827304</ymin>
        <xmax>812.0634045485868</xmax>
        <ymax>384.25326305220887</ymax>
    </bndbox>
</object>
</annotation>
