<annotation verified="yes">
    <folder>Annotation</folder>
    <filename>0161.jpg</filename>
    <path>OK-PascalVOC-export/Annotations/0161.jpg</path>
    <source>
        <database>Unknown</database>
    </source>
    <size>
        <width>816</width>
        <height>420</height>
        <depth>3</depth>
    </size>
    <segmented>0</segmented>
    <object>
    <name>ok</name>
    <pose>Unspecified</pose>
    <truncated>0</truncated>
    <difficult>0</difficult>
    <bndbox>
        <xmin>9.560303239145412</xmin>
        <ymin>11.482178714859433</ymin>
        <xmax>790.1309441764297</xmax>
        <ymax>383.128765060241</ymax>
    </bndbox>
</object>
</annotation>
