<annotation verified="yes">
    <folder>Annotation</folder>
    <filename>0163.jpg</filename>
    <path>OK-PascalVOC-export/Annotations/0163.jpg</path>
    <source>
        <database>Unknown</database>
    </source>
    <size>
        <width>816</width>
        <height>420</height>
        <depth>3</depth>
    </size>
    <segmented>0</segmented>
    <object>
    <name>ok</name>
    <pose>Unspecified</pose>
    <truncated>0</truncated>
    <difficult>0</difficult>
    <bndbox>
        <xmin>29.805651274982765</xmin>
        <ymin>32.285391566265055</ymin>
        <xmax>810.3762922122671</xmax>
        <ymax>403.9319779116466</ymax>
    </bndbox>
</object>
</annotation>
