<annotation verified="yes">
    <folder>Annotation</folder>
    <filename>0170.jpg</filename>
    <path>OK-PascalVOC-export/Annotations/0170.jpg</path>
    <source>
        <database>Unknown</database>
    </source>
    <size>
        <width>816</width>
        <height>420</height>
        <depth>3</depth>
    </size>
    <segmented>0</segmented>
    <object>
    <name>ok</name>
    <pose>Unspecified</pose>
    <truncated>0</truncated>
    <difficult>0</difficult>
    <bndbox>
        <xmin>24.744314266023427</xmin>
        <ymin>22.164909638554214</ymin>
        <xmax>805.3149552033078</xmax>
        <ymax>393.81149598393574</ymax>
    </bndbox>
</object>
</annotation>
