<annotation verified="yes">
    <folder>Annotation</folder>
    <filename>0174.jpg</filename>
    <path>OK-PascalVOC-export/Annotations/0174.jpg</path>
    <source>
        <database>Unknown</database>
    </source>
    <size>
        <width>816</width>
        <height>420</height>
        <depth>3</depth>
    </size>
    <segmented>0</segmented>
    <object>
    <name>ok</name>
    <pose>Unspecified</pose>
    <truncated>0</truncated>
    <difficult>0</difficult>
    <bndbox>
        <xmin>23.61957270847691</xmin>
        <ymin>23.85165662650602</ymin>
        <xmax>804.1902136457612</xmax>
        <ymax>395.4982429718876</ymax>
    </bndbox>
</object>
</annotation>
