<annotation verified="yes">
    <folder>Annotation</folder>
    <filename>0183.jpg</filename>
    <path>OK-PascalVOC-export/Annotations/0183.jpg</path>
    <source>
        <database>Unknown</database>
    </source>
    <size>
        <width>816</width>
        <height>420</height>
        <depth>3</depth>
    </size>
    <segmented>0</segmented>
    <object>
    <name>ok</name>
    <pose>Unspecified</pose>
    <truncated>0</truncated>
    <difficult>0</difficult>
    <bndbox>
        <xmin>13.49689869055823</xmin>
        <ymin>19.91591365461847</ymin>
        <xmax>794.0675396278426</xmax>
        <ymax>391.5625</ymax>
    </bndbox>
</object>
</annotation>
