<annotation verified="yes">
    <folder>Annotation</folder>
    <filename>0184.jpg</filename>
    <path>OK-PascalVOC-export/Annotations/0184.jpg</path>
    <source>
        <database>Unknown</database>
    </source>
    <size>
        <width>816</width>
        <height>420</height>
        <depth>3</depth>
    </size>
    <segmented>0</segmented>
    <object>
    <name>ok</name>
    <pose>Unspecified</pose>
    <truncated>0</truncated>
    <difficult>0</difficult>
    <bndbox>
        <xmin>25.869055823569948</xmin>
        <ymin>24.413905622489956</ymin>
        <xmax>806.4396967608543</xmax>
        <ymax>396.0604919678715</ymax>
    </bndbox>
</object>
</annotation>
