<annotation verified="yes">
    <folder>Annotation</folder>
    <filename>0185.jpg</filename>
    <path>OK-PascalVOC-export/Annotations/0185.jpg</path>
    <source>
        <database>Unknown</database>
    </source>
    <size>
        <width>816</width>
        <height>420</height>
        <depth>3</depth>
    </size>
    <segmented>0</segmented>
    <object>
    <name>ok</name>
    <pose>Unspecified</pose>
    <truncated>0</truncated>
    <difficult>0</difficult>
    <bndbox>
        <xmin>12.934527911784972</xmin>
        <ymin>21.040411646586342</ymin>
        <xmax>793.5051688490693</xmax>
        <ymax>392.68699799196787</ymax>
    </bndbox>
</object>
</annotation>
