<annotation verified="yes">
    <folder>Annotation</folder>
    <filename>0189.jpg</filename>
    <path>OK-PascalVOC-export/Annotations/0189.jpg</path>
    <source>
        <database>Unknown</database>
    </source>
    <size>
        <width>816</width>
        <height>420</height>
        <depth>3</depth>
    </size>
    <segmented>0</segmented>
    <object>
    <name>ok</name>
    <pose>Unspecified</pose>
    <truncated>0</truncated>
    <difficult>0</difficult>
    <bndbox>
        <xmin>13.49689869055823</xmin>
        <ymin>17.666917670682725</ymin>
        <xmax>794.0675396278426</xmax>
        <ymax>389.31350401606426</ymax>
    </bndbox>
</object>
</annotation>
