<annotation verified="yes">
    <folder>Annotation</folder>
    <filename>0190.jpg</filename>
    <path>OK-PascalVOC-export/Annotations/0190.jpg</path>
    <source>
        <database>Unknown</database>
    </source>
    <size>
        <width>816</width>
        <height>420</height>
        <depth>3</depth>
    </size>
    <segmented>0</segmented>
    <object>
    <name>ok</name>
    <pose>Unspecified</pose>
    <truncated>0</truncated>
    <difficult>0</difficult>
    <bndbox>
        <xmin>16.87112336319779</xmin>
        <ymin>18.229166666666664</ymin>
        <xmax>797.4417643004821</xmax>
        <ymax>389.8757530120482</ymax>
    </bndbox>
</object>
</annotation>
