<annotation verified="yes">
    <folder>Annotation</folder>
    <filename>0198.jpg</filename>
    <path>OK-PascalVOC-export/Annotations/0198.jpg</path>
    <source>
        <database>Unknown</database>
    </source>
    <size>
        <width>816</width>
        <height>420</height>
        <depth>3</depth>
    </size>
    <segmented>0</segmented>
    <object>
    <name>ok</name>
    <pose>Unspecified</pose>
    <truncated>0</truncated>
    <difficult>0</difficult>
    <bndbox>
        <xmin>12.372157133011711</xmin>
        <ymin>14.293423694779113</ymin>
        <xmax>792.942798070296</xmax>
        <ymax>385.94001004016064</ymax>
    </bndbox>
</object>
</annotation>
