<annotation verified="yes">
    <folder>Annotation</folder>
    <filename>0199.jpg</filename>
    <path>OK-PascalVOC-export/Annotations/0199.jpg</path>
    <source>
        <database>Unknown</database>
    </source>
    <size>
        <width>816</width>
        <height>420</height>
        <depth>3</depth>
    </size>
    <segmented>0</segmented>
    <object>
    <name>ok</name>
    <pose>Unspecified</pose>
    <truncated>0</truncated>
    <difficult>0</difficult>
    <bndbox>
        <xmin>18.55823569951757</xmin>
        <ymin>34.5343875502008</ymin>
        <xmax>799.1288766368019</xmax>
        <ymax>406.1809738955823</ymax>
    </bndbox>
</object>
</annotation>
