<annotation verified="yes">
    <folder>Annotation</folder>
    <filename>0200.jpg</filename>
    <path>OK-PascalVOC-export/Annotations/0200.jpg</path>
    <source>
        <database>Unknown</database>
    </source>
    <size>
        <width>816</width>
        <height>420</height>
        <depth>3</depth>
    </size>
    <segmented>0</segmented>
    <object>
    <name>ok</name>
    <pose>Unspecified</pose>
    <truncated>0</truncated>
    <difficult>0</difficult>
    <bndbox>
        <xmin>26.43142660234321</xmin>
        <ymin>24.413905622489956</ymin>
        <xmax>807.0020675396275</xmax>
        <ymax>396.0604919678715</ymax>
    </bndbox>
</object>
</annotation>
