<annotation verified="yes">
    <folder>Annotation</folder>
    <filename>0201.jpg</filename>
    <path>OK-PascalVOC-export/Annotations/0201.jpg</path>
    <source>
        <database>Unknown</database>
    </source>
    <size>
        <width>816</width>
        <height>420</height>
        <depth>3</depth>
    </size>
    <segmented>0</segmented>
    <object>
    <name>ok</name>
    <pose>Unspecified</pose>
    <truncated>0</truncated>
    <difficult>0</difficult>
    <bndbox>
        <xmin>6.748449345279114</xmin>
        <ymin>22.72715863453815</ymin>
        <xmax>787.3190902825635</xmax>
        <ymax>394.3737449799197</ymax>
    </bndbox>
</object>
</annotation>
