<annotation verified="yes">
    <folder>Annotation</folder>
    <filename>0206.jpg</filename>
    <path>OK-PascalVOC-export/Annotations/0206.jpg</path>
    <source>
        <database>Unknown</database>
    </source>
    <size>
        <width>816</width>
        <height>420</height>
        <depth>3</depth>
    </size>
    <segmented>0</segmented>
    <object>
    <name>ok</name>
    <pose>Unspecified</pose>
    <truncated>0</truncated>
    <difficult>0</difficult>
    <bndbox>
        <xmin>23.05720192970365</xmin>
        <ymin>30.036395582329313</ymin>
        <xmax>803.627842866988</xmax>
        <ymax>401.68298192771084</ymax>
    </bndbox>
</object>
</annotation>
