<annotation verified="yes">
    <folder>Annotation</folder>
    <filename>0207.jpg</filename>
    <path>OK-PascalVOC-export/Annotations/0207.jpg</path>
    <source>
        <database>Unknown</database>
    </source>
    <size>
        <width>816</width>
        <height>420</height>
        <depth>3</depth>
    </size>
    <segmented>0</segmented>
    <object>
    <name>ok</name>
    <pose>Unspecified</pose>
    <truncated>0</truncated>
    <difficult>0</difficult>
    <bndbox>
        <xmin>7.873190902825633</xmin>
        <ymin>25.538403614457827</ymin>
        <xmax>788.44383184011</xmax>
        <ymax>397.18498995983936</ymax>
    </bndbox>
</object>
</annotation>
