<annotation verified="yes">
    <folder>Annotation</folder>
    <filename>0211.jpg</filename>
    <path>OK-PascalVOC-export/Annotations/0211.jpg</path>
    <source>
        <database>Unknown</database>
    </source>
    <size>
        <width>816</width>
        <height>420</height>
        <depth>3</depth>
    </size>
    <segmented>0</segmented>
    <object>
    <name>ok</name>
    <pose>Unspecified</pose>
    <truncated>0</truncated>
    <difficult>0</difficult>
    <bndbox>
        <xmin>10.685044796691932</xmin>
        <ymin>23.289407630522085</ymin>
        <xmax>791.2556857339763</xmax>
        <ymax>394.9359939759036</ymax>
    </bndbox>
</object>
</annotation>
