<annotation verified="yes">
    <folder>Annotation</folder>
    <filename>0214.jpg</filename>
    <path>OK-PascalVOC-export/Annotations/0214.jpg</path>
    <source>
        <database>Unknown</database>
    </source>
    <size>
        <width>816</width>
        <height>420</height>
        <depth>3</depth>
    </size>
    <segmented>0</segmented>
    <object>
    <name>ok</name>
    <pose>Unspecified</pose>
    <truncated>0</truncated>
    <difficult>0</difficult>
    <bndbox>
        <xmin>11.247415575465192</xmin>
        <ymin>27.225150602409634</ymin>
        <xmax>791.8180565127495</xmax>
        <ymax>398.8717369477912</ymax>
    </bndbox>
</object>
</annotation>
