<annotation verified="yes">
    <folder>Annotation</folder>
    <filename>0219.jpg</filename>
    <path>OK-PascalVOC-export/Annotations/0219.jpg</path>
    <source>
        <database>Unknown</database>
    </source>
    <size>
        <width>816</width>
        <height>420</height>
        <depth>3</depth>
    </size>
    <segmented>0</segmented>
    <object>
    <name>ok</name>
    <pose>Unspecified</pose>
    <truncated>0</truncated>
    <difficult>0</difficult>
    <bndbox>
        <xmin>5.061337008959335</xmin>
        <ymin>19.353664658634536</ymin>
        <xmax>785.6319779462436</xmax>
        <ymax>391.0002510040161</ymax>
    </bndbox>
</object>
</annotation>
