<annotation verified="yes">
    <folder>Annotation</folder>
    <filename>0223.jpg</filename>
    <path>OK-PascalVOC-export/Annotations/0223.jpg</path>
    <source>
        <database>Unknown</database>
    </source>
    <size>
        <width>816</width>
        <height>420</height>
        <depth>3</depth>
    </size>
    <segmented>0</segmented>
    <object>
    <name>ok</name>
    <pose>Unspecified</pose>
    <truncated>0</truncated>
    <difficult>0</difficult>
    <bndbox>
        <xmin>10.122674017918673</xmin>
        <ymin>18.7914156626506</ymin>
        <xmax>790.693314955203</xmax>
        <ymax>390.43800200803213</ymax>
    </bndbox>
</object>
</annotation>
