<annotation verified="yes">
    <folder>Annotation</folder>
    <filename>0225.jpg</filename>
    <path>OK-PascalVOC-export/Annotations/0225.jpg</path>
    <source>
        <database>Unknown</database>
    </source>
    <size>
        <width>816</width>
        <height>420</height>
        <depth>3</depth>
    </size>
    <segmented>0</segmented>
    <object>
    <name>ok</name>
    <pose>Unspecified</pose>
    <truncated>0</truncated>
    <difficult>0</difficult>
    <bndbox>
        <xmin>28.680909717436247</xmin>
        <ymin>21.602660642570278</ymin>
        <xmax>809.2515506547206</xmax>
        <ymax>393.24924698795184</ymax>
    </bndbox>
</object>
</annotation>
