<annotation verified="yes">
    <folder>Annotation</folder>
    <filename>0226.jpg</filename>
    <path>OK-PascalVOC-export/Annotations/0226.jpg</path>
    <source>
        <database>Unknown</database>
    </source>
    <size>
        <width>816</width>
        <height>420</height>
        <depth>3</depth>
    </size>
    <segmented>0</segmented>
    <object>
    <name>ok</name>
    <pose>Unspecified</pose>
    <truncated>0</truncated>
    <difficult>0</difficult>
    <bndbox>
        <xmin>4.498966230186075</xmin>
        <ymin>15.98017068273092</ymin>
        <xmax>785.0696071674704</xmax>
        <ymax>387.6267570281125</ymax>
    </bndbox>
</object>
</annotation>
