<annotation verified="yes">
    <folder>Annotation</folder>
    <filename>1000.jpg</filename>
    <path>黑点-PascalVOC-export/Annotations/1000.jpg</path>
    <source>
        <database>Unknown</database>
    </source>
    <size>
        <width>816</width>
        <height>420</height>
        <depth>3</depth>
    </size>
    <segmented>0</segmented>
    <object>
    <name>black</name>
    <pose>Unspecified</pose>
    <truncated>0</truncated>
    <difficult>0</difficult>
    <bndbox>
        <xmin>498.26050999310814</xmin>
        <ymin>159.3536646586345</ymin>
        <xmax>552.8104755341144</xmax>
        <ymax>198.14884538152606</ymax>
    </bndbox>
</object>
</annotation>
