<annotation verified="yes">
    <folder>Annotation</folder>
    <filename>1001.jpg</filename>
    <path>黑点-PascalVOC-export/Annotations/1001.jpg</path>
    <source>
        <database>Unknown</database>
    </source>
    <size>
        <width>816</width>
        <height>420</height>
        <depth>3</depth>
    </size>
    <segmented>0</segmented>
    <object>
    <name>black</name>
    <pose>Unspecified</pose>
    <truncated>0</truncated>
    <difficult>0</difficult>
    <bndbox>
        <xmin>257.00344589937976</xmin>
        <ymin>31.723142570281123</ymin>
        <xmax>314.9276361130255</xmax>
        <ymax>73.8918172690763</ymax>
    </bndbox>
</object>
</annotation>
