<annotation verified="yes">
    <folder>Annotation</folder>
    <filename>1002.jpg</filename>
    <path>黑点-PascalVOC-export/Annotations/1002.jpg</path>
    <source>
        <database>Unknown</database>
    </source>
    <size>
        <width>816</width>
        <height>420</height>
        <depth>3</depth>
    </size>
    <segmented>0</segmented>
    <object>
    <name>black</name>
    <pose>Unspecified</pose>
    <truncated>0</truncated>
    <difficult>0</difficult>
    <bndbox>
        <xmin>405.4693314955203</xmin>
        <ymin>324.0926204819277</ymin>
        <xmax>438.08683666436934</xmax>
        <ymax>349.39382530120486</ymax>
    </bndbox>
</object>
</annotation>
