<annotation verified="yes">
    <folder>Annotation</folder>
    <filename>1003.jpg</filename>
    <path>黑点-PascalVOC-export/Annotations/1003.jpg</path>
    <source>
        <database>Unknown</database>
    </source>
    <size>
        <width>816</width>
        <height>420</height>
        <depth>3</depth>
    </size>
    <segmented>0</segmented>
    <object>
    <name>black</name>
    <pose>Unspecified</pose>
    <truncated>0</truncated>
    <difficult>0</difficult>
    <bndbox>
        <xmin>746.2660234321157</xmin>
        <ymin>208.26932730923696</ymin>
        <xmax>783.3824948311509</xmax>
        <ymax>253.81149598393574</ymax>
    </bndbox>
</object>
</annotation>
