<annotation verified="yes">
    <folder>Annotation</folder>
    <filename>1004.jpg</filename>
    <path>黑点-PascalVOC-export/Annotations/1004.jpg</path>
    <source>
        <database>Unknown</database>
    </source>
    <size>
        <width>816</width>
        <height>420</height>
        <depth>3</depth>
    </size>
    <segmented>0</segmented>
    <object>
    <name>black</name>
    <pose>Unspecified</pose>
    <truncated>0</truncated>
    <difficult>0</difficult>
    <bndbox>
        <xmin>440.3363197794624</xmin>
        <ymin>346.58258032128515</ymin>
        <xmax>500.50999310820123</xmax>
        <ymax>373.00828313253015</ymax>
    </bndbox>
</object>
</annotation>
