<annotation verified="yes">
    <folder>Annotation</folder>
    <filename>1005.jpg</filename>
    <path>黑点-PascalVOC-export/Annotations/1005.jpg</path>
    <source>
        <database>Unknown</database>
    </source>
    <size>
        <width>816</width>
        <height>420</height>
        <depth>3</depth>
    </size>
    <segmented>0</segmented>
    <object>
    <name>black</name>
    <pose>Unspecified</pose>
    <truncated>0</truncated>
    <difficult>0</difficult>
    <bndbox>
        <xmin>702.9634734665748</xmin>
        <ymin>71.64282128514056</ymin>
        <xmax>728.2701585113715</xmax>
        <ymax>94.13278112449798</ymax>
    </bndbox>
</object>
</annotation>
