<annotation verified="yes">
    <folder>Annotation</folder>
    <filename>1006.jpg</filename>
    <path>黑点-PascalVOC-export/Annotations/1006.jpg</path>
    <source>
        <database>Unknown</database>
    </source>
    <size>
        <width>816</width>
        <height>420</height>
        <depth>3</depth>
    </size>
    <segmented>0</segmented>
    <object>
    <name>black</name>
    <pose>Unspecified</pose>
    <truncated>0</truncated>
    <difficult>0</difficult>
    <bndbox>
        <xmin>236.19572708476912</xmin>
        <ymin>85.13679718875503</ymin>
        <xmax>285.1219848380427</xmax>
        <ymax>126.18097389558233</ymax>
    </bndbox>
</object>
</annotation>
