<annotation verified="yes">
    <folder>Annotation</folder>
    <filename>1007.jpg</filename>
    <path>黑点-PascalVOC-export/Annotations/1007.jpg</path>
    <source>
        <database>Unknown</database>
    </source>
    <size>
        <width>816</width>
        <height>420</height>
        <depth>3</depth>
    </size>
    <segmented>0</segmented>
    <object>
    <name>black</name>
    <pose>Unspecified</pose>
    <truncated>0</truncated>
    <difficult>0</difficult>
    <bndbox>
        <xmin>1.1247415575465196</xmin>
        <ymin>298.2291666666667</ymin>
        <xmax>41.05306685044797</xmax>
        <ymax>339.273343373494</ymax>
    </bndbox>
</object>
</annotation>
