<annotation verified="yes">
    <folder>Annotation</folder>
    <filename>1008.jpg</filename>
    <path>黑点-PascalVOC-export/Annotations/1008.jpg</path>
    <source>
        <database>Unknown</database>
    </source>
    <size>
        <width>816</width>
        <height>420</height>
        <depth>3</depth>
    </size>
    <segmented>0</segmented>
    <object>
    <name>black</name>
    <pose>Unspecified</pose>
    <truncated>0</truncated>
    <difficult>0</difficult>
    <bndbox>
        <xmin>146.7787732598208</xmin>
        <ymin>286.421937751004</ymin>
        <xmax>190.0813232253618</xmax>
        <ymax>332.52635542168673</ymax>
    </bndbox>
</object><object>
    <name>black</name>
    <pose>Unspecified</pose>
    <truncated>0</truncated>
    <difficult>0</difficult>
    <bndbox>
        <xmin>722.0840799448656</xmin>
        <ymin>159.1164658634538</ymin>
        <xmax>753.0144727773948</xmax>
        <ymax>184.6548694779116</ymax>
    </bndbox>
</object>
</annotation>
