<annotation verified="yes">
    <folder>Annotation</folder>
    <filename>1009.jpg</filename>
    <path>黑点-PascalVOC-export/Annotations/1009.jpg</path>
    <source>
        <database>Unknown</database>
    </source>
    <size>
        <width>816</width>
        <height>420</height>
        <depth>3</depth>
    </size>
    <segmented>0</segmented>
    <object>
    <name>black</name>
    <pose>Unspecified</pose>
    <truncated>0</truncated>
    <difficult>0</difficult>
    <bndbox>
        <xmin>470.70434183321845</xmin>
        <ymin>306.1006526104418</ymin>
        <xmax>521.8800827015851</xmax>
        <ymax>352.2050702811245</ymax>
    </bndbox>
</object>
</annotation>
