<annotation verified="yes">
    <folder>Annotation</folder>
    <filename>1010.jpg</filename>
    <path>黑点-PascalVOC-export/Annotations/1010.jpg</path>
    <source>
        <database>Unknown</database>
    </source>
    <size>
        <width>816</width>
        <height>420</height>
        <depth>3</depth>
    </size>
    <segmented>0</segmented>
    <object>
    <name>black</name>
    <pose>Unspecified</pose>
    <truncated>0</truncated>
    <difficult>0</difficult>
    <bndbox>
        <xmin>0.5623707787732597</xmin>
        <ymin>146.74698795180723</ymin>
        <xmax>28.118538938662986</xmax>
        <ymax>177.34563253012047</ymax>
    </bndbox>
</object>
</annotation>
