<annotation verified="yes">
    <folder>Annotation</folder>
    <filename>1011.jpg</filename>
    <path>黑点-PascalVOC-export/Annotations/1011.jpg</path>
    <source>
        <database>Unknown</database>
    </source>
    <size>
        <width>816</width>
        <height>420</height>
        <depth>3</depth>
    </size>
    <segmented>0</segmented>
    <object>
    <name>black</name>
    <pose>Unspecified</pose>
    <truncated>0</truncated>
    <difficult>0</difficult>
    <bndbox>
        <xmin>488.7002067539628</xmin>
        <ymin>55.89984939759036</ymin>
        <xmax>517.9434872501723</xmax>
        <ymax>82.32555220883533</ymax>
    </bndbox>
</object>
</annotation>
