<annotation verified="yes">
    <folder>Annotation</folder>
    <filename>1012.jpg</filename>
    <path>黑点-PascalVOC-export/Annotations/1012.jpg</path>
    <source>
        <database>Unknown</database>
    </source>
    <size>
        <width>816</width>
        <height>420</height>
        <depth>3</depth>
    </size>
    <segmented>0</segmented>
    <object>
    <name>black</name>
    <pose>Unspecified</pose>
    <truncated>0</truncated>
    <difficult>0</difficult>
    <bndbox>
        <xmin>488.1378359751895</xmin>
        <ymin>336.4620983935743</ymin>
        <xmax>517.381116471399</xmax>
        <ymax>364.5745481927711</ymax>
    </bndbox>
</object>
</annotation>
