<annotation verified="yes">
    <folder>Annotation</folder>
    <filename>1013.jpg</filename>
    <path>黑点-PascalVOC-export/Annotations/1013.jpg</path>
    <source>
        <database>Unknown</database>
    </source>
    <size>
        <width>816</width>
        <height>420</height>
        <depth>3</depth>
    </size>
    <segmented>0</segmented>
    <object>
    <name>black</name>
    <pose>Unspecified</pose>
    <truncated>0</truncated>
    <difficult>0</difficult>
    <bndbox>
        <xmin>331.23638869745</xmin>
        <ymin>258.8717369477912</ymin>
        <xmax>364.9786354238456</xmax>
        <ymax>288.6709337349398</ymax>
    </bndbox>
</object>
</annotation>
