<annotation verified="yes">
    <folder>Annotation</folder>
    <filename>1014.jpg</filename>
    <path>黑点-PascalVOC-export/Annotations/1014.jpg</path>
    <source>
        <database>Unknown</database>
    </source>
    <size>
        <width>816</width>
        <height>420</height>
        <depth>3</depth>
    </size>
    <segmented>0</segmented>
    <object>
    <name>black</name>
    <pose>Unspecified</pose>
    <truncated>0</truncated>
    <difficult>0</difficult>
    <bndbox>
        <xmin>499.3852515506547</xmin>
        <ymin>71.08057228915662</ymin>
        <xmax>537.0640937284631</xmax>
        <ymax>99.19302208835342</ymax>
    </bndbox>
</object>
</annotation>
