<annotation verified="yes">
    <folder>Annotation</folder>
    <filename>1016.jpg</filename>
    <path>黑点-PascalVOC-export/Annotations/1016.jpg</path>
    <source>
        <database>Unknown</database>
    </source>
    <size>
        <width>816</width>
        <height>420</height>
        <depth>3</depth>
    </size>
    <segmented>0</segmented>
    <object>
    <name>black</name>
    <pose>Unspecified</pose>
    <truncated>0</truncated>
    <difficult>0</difficult>
    <bndbox>
        <xmin>632.6671261199173</xmin>
        <ymin>339.03614457831327</ymin>
        <xmax>667.5341144038593</xmax>
        <ymax>364.0122991967872</ymax>
    </bndbox>
</object>
</annotation>
