<annotation verified="yes">
    <folder>Annotation</folder>
    <filename>1018.jpg</filename>
    <path>黑点-PascalVOC-export/Annotations/1018.jpg</path>
    <source>
        <database>Unknown</database>
    </source>
    <size>
        <width>816</width>
        <height>420</height>
        <depth>3</depth>
    </size>
    <segmented>0</segmented>
    <object>
    <name>black</name>
    <pose>Unspecified</pose>
    <truncated>0</truncated>
    <difficult>0</difficult>
    <bndbox>
        <xmin>756.3886974500344</xmin>
        <ymin>347.707078313253</ymin>
        <xmax>781.1330117160579</xmax>
        <ymax>371.3215361445783</ymax>
    </bndbox>
</object>
</annotation>
