<annotation verified="yes">
    <folder>Annotation</folder>
    <filename>1019.jpg</filename>
    <path>黑点-PascalVOC-export/Annotations/1019.jpg</path>
    <source>
        <database>Unknown</database>
    </source>
    <size>
        <width>816</width>
        <height>420</height>
        <depth>3</depth>
    </size>
    <segmented>0</segmented>
    <object>
    <name>black</name>
    <pose>Unspecified</pose>
    <truncated>0</truncated>
    <difficult>0</difficult>
    <bndbox>
        <xmin>377.9131633356306</xmin>
        <ymin>63.771335341365464</ymin>
        <xmax>419.5286009648518</xmax>
        <ymax>90.75928714859438</ymax>
    </bndbox>
</object>
</annotation>
