<annotation verified="yes">
    <folder>Annotation</folder>
    <filename>1020.jpg</filename>
    <path>黑点-PascalVOC-export/Annotations/1020.jpg</path>
    <source>
        <database>Unknown</database>
    </source>
    <size>
        <width>816</width>
        <height>420</height>
        <depth>3</depth>
    </size>
    <segmented>0</segmented>
    <object>
    <name>black</name>
    <pose>Unspecified</pose>
    <truncated>0</truncated>
    <difficult>0</difficult>
    <bndbox>
        <xmin>406.59407305306684</xmin>
        <ymin>67.707078313253</ymin>
        <xmax>443.1481736733287</xmax>
        <ymax>96.38177710843374</ymax>
    </bndbox>
</object>
</annotation>
