<annotation verified="yes">
    <folder>Annotation</folder>
    <filename>1021.jpg</filename>
    <path>黑点-PascalVOC-export/Annotations/1021.jpg</path>
    <source>
        <database>Unknown</database>
    </source>
    <size>
        <width>816</width>
        <height>420</height>
        <depth>3</depth>
    </size>
    <segmented>0</segmented>
    <object>
    <name>black</name>
    <pose>Unspecified</pose>
    <truncated>0</truncated>
    <difficult>0</difficult>
    <bndbox>
        <xmin>398.7208821502412</xmin>
        <ymin>277.988202811245</ymin>
        <xmax>436.96209510682286</xmax>
        <ymax>311.72314257028114</ymax>
    </bndbox>
</object>
</annotation>
