<annotation verified="yes">
    <folder>Annotation</folder>
    <filename>1022.jpg</filename>
    <path>黑点-PascalVOC-export/Annotations/1022.jpg</path>
    <source>
        <database>Unknown</database>
    </source>
    <size>
        <width>816</width>
        <height>420</height>
        <depth>3</depth>
    </size>
    <segmented>0</segmented>
    <object>
    <name>black</name>
    <pose>Unspecified</pose>
    <truncated>0</truncated>
    <difficult>0</difficult>
    <bndbox>
        <xmin>727.7077877325981</xmin>
        <ymin>325.2171184738956</ymin>
        <xmax>767.6361130254996</xmax>
        <ymax>353.89181726907634</ymax>
    </bndbox>
</object>
</annotation>
