<annotation verified="yes">
    <folder>Annotation</folder>
    <filename>1023.jpg</filename>
    <path>黑点-PascalVOC-export/Annotations/1023.jpg</path>
    <source>
        <database>Unknown</database>
    </source>
    <size>
        <width>816</width>
        <height>420</height>
        <depth>3</depth>
    </size>
    <segmented>0</segmented>
    <object>
    <name>black</name>
    <pose>Unspecified</pose>
    <truncated>0</truncated>
    <difficult>0</difficult>
    <bndbox>
        <xmin>242.381805651275</xmin>
        <ymin>329.7151104417671</ymin>
        <xmax>289.6209510682288</xmax>
        <ymax>363.4500502008032</ymax>
    </bndbox>
</object>
</annotation>
