<annotation verified="yes">
    <folder>Annotation</folder>
    <filename>1024.jpg</filename>
    <path>黑点-PascalVOC-export/Annotations/1024.jpg</path>
    <source>
        <database>Unknown</database>
    </source>
    <size>
        <width>816</width>
        <height>420</height>
        <depth>3</depth>
    </size>
    <segmented>0</segmented>
    <object>
    <name>black</name>
    <pose>Unspecified</pose>
    <truncated>0</truncated>
    <difficult>0</difficult>
    <bndbox>
        <xmin>0.5623707787732598</xmin>
        <ymin>316.2211345381526</ymin>
        <xmax>33.17987594762233</xmax>
        <ymax>349.39382530120486</ymax>
    </bndbox>
</object>
</annotation>
