<annotation verified="yes">
    <folder>Annotation</folder>
    <filename>1025.jpg</filename>
    <path>黑点-PascalVOC-export/Annotations/1025.jpg</path>
    <source>
        <database>Unknown</database>
    </source>
    <size>
        <width>816</width>
        <height>420</height>
        <depth>3</depth>
    </size>
    <segmented>0</segmented>
    <object>
    <name>black</name>
    <pose>Unspecified</pose>
    <truncated>0</truncated>
    <difficult>0</difficult>
    <bndbox>
        <xmin>344.170916609235</xmin>
        <ymin>329.7151104417671</ymin>
        <xmax>380.1626464507236</xmax>
        <ymax>359.5143072289157</ymax>
    </bndbox>
</object>
</annotation>
