<annotation verified="yes">
    <folder>Annotation</folder>
    <filename>1026.jpg</filename>
    <path>黑点-PascalVOC-export/Annotations/1026.jpg</path>
    <source>
        <database>Unknown</database>
    </source>
    <size>
        <width>816</width>
        <height>420</height>
        <depth>3</depth>
    </size>
    <segmented>0</segmented>
    <object>
    <name>black</name>
    <pose>Unspecified</pose>
    <truncated>0</truncated>
    <difficult>0</difficult>
    <bndbox>
        <xmin>95.60303239145416</xmin>
        <ymin>99.75527108433735</ymin>
        <xmax>123.72157133011716</xmax>
        <ymax>130.11671686746988</ymax>
    </bndbox>
</object>
</annotation>
