<annotation verified="yes">
    <folder>Annotation</folder>
    <filename>1027.jpg</filename>
    <path>黑点-PascalVOC-export/Annotations/1027.jpg</path>
    <source>
        <database>Unknown</database>
    </source>
    <size>
        <width>816</width>
        <height>420</height>
        <depth>3</depth>
    </size>
    <segmented>0</segmented>
    <object>
    <name>black</name>
    <pose>Unspecified</pose>
    <truncated>0</truncated>
    <difficult>0</difficult>
    <bndbox>
        <xmin>17.433494141971053</xmin>
        <ymin>227.14859437751005</ymin>
        <xmax>52.30048242591315</xmax>
        <ymax>257.18498995983936</ymax>
    </bndbox>
</object>
</annotation>
