<annotation verified="yes">
    <folder>Annotation</folder>
    <filename>1028.jpg</filename>
    <path>黑点-PascalVOC-export/Annotations/1028.jpg</path>
    <source>
        <database>Unknown</database>
    </source>
    <size>
        <width>816</width>
        <height>420</height>
        <depth>3</depth>
    </size>
    <segmented>0</segmented>
    <object>
    <name>black</name>
    <pose>Unspecified</pose>
    <truncated>0</truncated>
    <difficult>0</difficult>
    <bndbox>
        <xmin>66.92212267401791</xmin>
        <ymin>74.45406626506023</ymin>
        <xmax>103.4762232942798</xmax>
        <ymax>106.50225903614458</ymax>
    </bndbox>
</object>
</annotation>
