<annotation verified="yes">
    <folder>Annotation</folder>
    <filename>1029.jpg</filename>
    <path>黑点-PascalVOC-export/Annotations/1029.jpg</path>
    <source>
        <database>Unknown</database>
    </source>
    <size>
        <width>816</width>
        <height>420</height>
        <depth>3</depth>
    </size>
    <segmented>0</segmented>
    <object>
    <name>black</name>
    <pose>Unspecified</pose>
    <truncated>0</truncated>
    <difficult>0</difficult>
    <bndbox>
        <xmin>728.2701585113714</xmin>
        <ymin>351.4056224899598</ymin>
        <xmax>756.9510682288077</xmax>
        <ymax>375.8195281124497</ymax>
    </bndbox>
</object>
</annotation>
