<annotation verified="yes">
    <folder>Annotation</folder>
    <filename>1030.jpg</filename>
    <path>黑点-PascalVOC-export/Annotations/1030.jpg</path>
    <source>
        <database>Unknown</database>
    </source>
    <size>
        <width>816</width>
        <height>420</height>
        <depth>3</depth>
    </size>
    <segmented>0</segmented>
    <object>
    <name>black</name>
    <pose>Unspecified</pose>
    <truncated>0</truncated>
    <difficult>0</difficult>
    <bndbox>
        <xmin>580.366643694004</xmin>
        <ymin>29.474146586345377</ymin>
        <xmax>621.419710544452</xmax>
        <ymax>61.84738955823293</ymax>
    </bndbox>
</object>
</annotation>
