<annotation verified="yes">
    <folder>Annotation</folder>
    <filename>1031.jpg</filename>
    <path>黑点-PascalVOC-export/Annotations/1031.jpg</path>
    <source>
        <database>Unknown</database>
    </source>
    <size>
        <width>816</width>
        <height>420</height>
        <depth>3</depth>
    </size>
    <segmented>0</segmented>
    <object>
    <name>black</name>
    <pose>Unspecified</pose>
    <truncated>0</truncated>
    <difficult>0</difficult>
    <bndbox>
        <xmin>440.89869055823567</xmin>
        <ymin>95.25727911646587</ymin>
        <xmax>550.5609924190213</xmax>
        <ymax>186.90386546184737</ymax>
    </bndbox>
</object><object>
    <name>black</name>
    <pose>Unspecified</pose>
    <truncated>0</truncated>
    <difficult>0</difficult>
    <bndbox>
        <xmin>378.47553411440384</xmin>
        <ymin>87.38579317269077</ymin>
        <xmax>407.1564438318401</xmax>
        <ymax>119.4339859437751</ymax>
    </bndbox>
</object>
</annotation>
