<annotation verified="yes">
    <folder>Annotation</folder>
    <filename>1032.jpg</filename>
    <path>黑点-PascalVOC-export/Annotations/1032.jpg</path>
    <source>
        <database>Unknown</database>
    </source>
    <size>
        <width>816</width>
        <height>420</height>
        <depth>3</depth>
    </size>
    <segmented>0</segmented>
    <object>
    <name>black</name>
    <pose>Unspecified</pose>
    <truncated>0</truncated>
    <difficult>0</difficult>
    <bndbox>
        <xmin>270.500344589938</xmin>
        <ymin>179.03237951807228</ymin>
        <xmax>322.80082701585116</xmax>
        <ymax>216.14081325301203</ymax>
    </bndbox>
</object>
</annotation>
