<annotation verified="yes">
    <folder>Annotation</folder>
    <filename>1033.jpg</filename>
    <path>黑点-PascalVOC-export/Annotations/1033.jpg</path>
    <source>
        <database>Unknown</database>
    </source>
    <size>
        <width>816</width>
        <height>420</height>
        <depth>3</depth>
    </size>
    <segmented>0</segmented>
    <object>
    <name>black</name>
    <pose>Unspecified</pose>
    <truncated>0</truncated>
    <difficult>0</difficult>
    <bndbox>
        <xmin>226.6354238456237</xmin>
        <ymin>319.0323795180723</ymin>
        <xmax>261.5024121295658</xmax>
        <ymax>376.9440261044177</ymax>
    </bndbox>
</object>
</annotation>
