<annotation verified="yes">
    <folder>Annotation</folder>
    <filename>1034.jpg</filename>
    <path>黑点-PascalVOC-export/Annotations/1034.jpg</path>
    <source>
        <database>Unknown</database>
    </source>
    <size>
        <width>816</width>
        <height>420</height>
        <depth>3</depth>
    </size>
    <segmented>0</segmented>
    <object>
    <name>black</name>
    <pose>Unspecified</pose>
    <truncated>0</truncated>
    <difficult>0</difficult>
    <bndbox>
        <xmin>268.8132322536182</xmin>
        <ymin>335.33760040160644</ymin>
        <xmax>312.67815299793244</xmax>
        <ymax>371.8837851405623</ymax>
    </bndbox>
</object>
</annotation>
