<annotation verified="yes">
    <folder>Annotation</folder>
    <filename>1035.jpg</filename>
    <path>黑点-PascalVOC-export/Annotations/1035.jpg</path>
    <source>
        <database>Unknown</database>
    </source>
    <size>
        <width>816</width>
        <height>420</height>
        <depth>3</depth>
    </size>
    <segmented>0</segmented>
    <object>
    <name>black</name>
    <pose>Unspecified</pose>
    <truncated>0</truncated>
    <difficult>0</difficult>
    <bndbox>
        <xmin>273.31219848380425</xmin>
        <ymin>167.78739959839356</ymin>
        <xmax>301.9931082012405</xmax>
        <ymax>195.89984939759034</ymax>
    </bndbox>
</object>
</annotation>
