<annotation verified="yes">
    <folder>Annotation</folder>
    <filename>1036.jpg</filename>
    <path>黑点-PascalVOC-export/Annotations/1036.jpg</path>
    <source>
        <database>Unknown</database>
    </source>
    <size>
        <width>816</width>
        <height>420</height>
        <depth>3</depth>
    </size>
    <segmented>0</segmented>
    <object>
    <name>black</name>
    <pose>Unspecified</pose>
    <truncated>0</truncated>
    <difficult>0</difficult>
    <bndbox>
        <xmin>39.92832529290145</xmin>
        <ymin>58.1488453815261</ymin>
        <xmax>76.48242591316333</xmax>
        <ymax>91.32153614457832</ymax>
    </bndbox>
</object>
</annotation>
