<annotation verified="yes">
    <folder>Annotation</folder>
    <filename>1037.jpg</filename>
    <path>黑点-PascalVOC-export/Annotations/1037.jpg</path>
    <source>
        <database>Unknown</database>
    </source>
    <size>
        <width>816</width>
        <height>420</height>
        <depth>3</depth>
    </size>
    <segmented>0</segmented>
    <object>
    <name>black</name>
    <pose>Unspecified</pose>
    <truncated>0</truncated>
    <difficult>0</difficult>
    <bndbox>
        <xmin>295.2446588559614</xmin>
        <ymin>37.90788152610442</ymin>
        <xmax>329.54927636113024</xmax>
        <ymax>82.32555220883535</ymax>
    </bndbox>
</object><object>
    <name>black</name>
    <pose>Unspecified</pose>
    <truncated>0</truncated>
    <difficult>0</difficult>
    <bndbox>
        <xmin>153.52722260509992</xmin>
        <ymin>43.530371485943775</ymin>
        <xmax>178.27153687112335</xmax>
        <ymax>69.95607429718875</ymax>
    </bndbox>
</object>
</annotation>
