<annotation verified="yes">
    <folder>Annotation</folder>
    <filename>1038.jpg</filename>
    <path>黑点-PascalVOC-export/Annotations/1038.jpg</path>
    <source>
        <database>Unknown</database>
    </source>
    <size>
        <width>816</width>
        <height>420</height>
        <depth>3</depth>
    </size>
    <segmented>0</segmented>
    <object>
    <name>black</name>
    <pose>Unspecified</pose>
    <truncated>0</truncated>
    <difficult>0</difficult>
    <bndbox>
        <xmin>381.28738800827017</xmin>
        <ymin>68.83157630522088</ymin>
        <xmax>439.7739490006892</xmax>
        <ymax>111.5625</ymax>
    </bndbox>
</object>
</annotation>
