<annotation verified="yes">
    <folder>Annotation</folder>
    <filename>1039.jpg</filename>
    <path>黑点-PascalVOC-export/Annotations/1039.jpg</path>
    <source>
        <database>Unknown</database>
    </source>
    <size>
        <width>816</width>
        <height>420</height>
        <depth>3</depth>
    </size>
    <segmented>0</segmented>
    <object>
    <name>black</name>
    <pose>Unspecified</pose>
    <truncated>0</truncated>
    <difficult>0</difficult>
    <bndbox>
        <xmin>11.809786354238456</xmin>
        <ymin>175.09663654618473</ymin>
        <xmax>64.67263955892489</xmax>
        <ymax>231.88378514056222</ymax>
    </bndbox>
</object>
</annotation>
