<annotation verified="yes">
    <folder>Annotation</folder>
    <filename>1040.jpg</filename>
    <path>黑点-PascalVOC-export/Annotations/1040.jpg</path>
    <source>
        <database>Unknown</database>
    </source>
    <size>
        <width>816</width>
        <height>420</height>
        <depth>3</depth>
    </size>
    <segmented>0</segmented>
    <object>
    <name>black</name>
    <pose>Unspecified</pose>
    <truncated>0</truncated>
    <difficult>0</difficult>
    <bndbox>
        <xmin>466.76774638180564</xmin>
        <ymin>40.15687751004016</ymin>
        <xmax>508.9455547898001</xmax>
        <ymax>75.01631526104418</ymax>
    </bndbox>
</object>
</annotation>
