<annotation verified="yes">
    <folder>Annotation</folder>
    <filename>1041.jpg</filename>
    <path>黑点-PascalVOC-export/Annotations/1041.jpg</path>
    <source>
        <database>Unknown</database>
    </source>
    <size>
        <width>816</width>
        <height>420</height>
        <depth>3</depth>
    </size>
    <segmented>0</segmented>
    <object>
    <name>black</name>
    <pose>Unspecified</pose>
    <truncated>0</truncated>
    <difficult>0</difficult>
    <bndbox>
        <xmin>28.11853893866299</xmin>
        <ymin>45.21711847389558</ymin>
        <xmax>61.298414886285315</xmax>
        <ymax>75.01631526104418</ymax>
    </bndbox>
</object>
</annotation>
