<annotation verified="yes">
    <folder>Annotation</folder>
    <filename>1042.jpg</filename>
    <path>黑点-PascalVOC-export/Annotations/1042.jpg</path>
    <source>
        <database>Unknown</database>
    </source>
    <size>
        <width>816</width>
        <height>420</height>
        <depth>3</depth>
    </size>
    <segmented>0</segmented>
    <object>
    <name>black</name>
    <pose>Unspecified</pose>
    <truncated>0</truncated>
    <difficult>0</difficult>
    <bndbox>
        <xmin>574.7429359062716</xmin>
        <ymin>127.3054718875502</ymin>
        <xmax>637.1660923501034</xmax>
        <ymax>154.85567269076304</ymax>
    </bndbox>
</object>
</annotation>
