<annotation verified="yes">
    <folder>Annotation</folder>
    <filename>1043.jpg</filename>
    <path>黑点-PascalVOC-export/Annotations/1043.jpg</path>
    <source>
        <database>Unknown</database>
    </source>
    <size>
        <width>816</width>
        <height>420</height>
        <depth>3</depth>
    </size>
    <segmented>0</segmented>
    <object>
    <name>black</name>
    <pose>Unspecified</pose>
    <truncated>0</truncated>
    <difficult>0</difficult>
    <bndbox>
        <xmin>5.061337008959338</xmin>
        <ymin>112.12474899598394</ymin>
        <xmax>37.11647139903515</xmax>
        <ymax>153.16892570281124</ymax>
    </bndbox>
</object>
</annotation>
