<annotation verified="yes">
    <folder>Annotation</folder>
    <filename>1044.jpg</filename>
    <path>黑点-PascalVOC-export/Annotations/1044.jpg</path>
    <source>
        <database>Unknown</database>
    </source>
    <size>
        <width>816</width>
        <height>420</height>
        <depth>3</depth>
    </size>
    <segmented>0</segmented>
    <object>
    <name>black</name>
    <pose>Unspecified</pose>
    <truncated>0</truncated>
    <difficult>0</difficult>
    <bndbox>
        <xmin>188.39421088904203</xmin>
        <ymin>26.100652610441767</ymin>
        <xmax>240.13232253618193</xmax>
        <ymax>68.26932730923694</ymax>
    </bndbox>
</object>
</annotation>
