<annotation verified="yes">
    <folder>Annotation</folder>
    <filename>1045.jpg</filename>
    <path>黑点-PascalVOC-export/Annotations/1045.jpg</path>
    <source>
        <database>Unknown</database>
    </source>
    <size>
        <width>816</width>
        <height>420</height>
        <depth>3</depth>
    </size>
    <segmented>0</segmented>
    <object>
    <name>black</name>
    <pose>Unspecified</pose>
    <truncated>0</truncated>
    <difficult>0</difficult>
    <bndbox>
        <xmin>704.6505858028945</xmin>
        <ymin>306.6629016064257</ymin>
        <xmax>749.0778773259821</xmax>
        <ymax>343.77133534136544</ymax>
    </bndbox>
</object>
</annotation>
