<annotation verified="yes">
    <folder>Annotation</folder>
    <filename>1047.jpg</filename>
    <path>黑点-PascalVOC-export/Annotations/1047.jpg</path>
    <source>
        <database>Unknown</database>
    </source>
    <size>
        <width>816</width>
        <height>420</height>
        <depth>3</depth>
    </size>
    <segmented>0</segmented>
    <object>
    <name>black</name>
    <pose>Unspecified</pose>
    <truncated>0</truncated>
    <difficult>0</difficult>
    <bndbox>
        <xmin>6.748449345279118</xmin>
        <ymin>299.91591365461846</ymin>
        <xmax>34.30461750516885</xmax>
        <ymax>331.40185742971886</ymax>
    </bndbox>
</object>
</annotation>
