<annotation verified="yes">
    <folder>Annotation</folder>
    <filename>1048.jpg</filename>
    <path>黑点-PascalVOC-export/Annotations/1048.jpg</path>
    <source>
        <database>Unknown</database>
    </source>
    <size>
        <width>816</width>
        <height>420</height>
        <depth>3</depth>
    </size>
    <segmented>0</segmented>
    <object>
    <name>black</name>
    <pose>Unspecified</pose>
    <truncated>0</truncated>
    <difficult>0</difficult>
    <bndbox>
        <xmin>497.13576843556166</xmin>
        <ymin>28.34964859437751</ymin>
        <xmax>552.8104755341144</xmax>
        <ymax>73.8918172690763</ymax>
    </bndbox>
</object>
</annotation>
