<annotation verified="yes">
    <folder>Annotation</folder>
    <filename>1049.jpg</filename>
    <path>黑点-PascalVOC-export/Annotations/1049.jpg</path>
    <source>
        <database>Unknown</database>
    </source>
    <size>
        <width>816</width>
        <height>420</height>
        <depth>3</depth>
    </size>
    <segmented>0</segmented>
    <object>
    <name>black</name>
    <pose>Unspecified</pose>
    <truncated>0</truncated>
    <difficult>0</difficult>
    <bndbox>
        <xmin>83.79324603721571</xmin>
        <ymin>369.0725401606426</ymin>
        <xmax>129.34527911784977</xmax>
        <ymax>396.0604919678715</ymax>
    </bndbox>
</object>
</annotation>
