<annotation verified="yes">
    <folder>Annotation</folder>
    <filename>1050.jpg</filename>
    <path>黑点-PascalVOC-export/Annotations/1050.jpg</path>
    <source>
        <database>Unknown</database>
    </source>
    <size>
        <width>816</width>
        <height>420</height>
        <depth>3</depth>
    </size>
    <segmented>0</segmented>
    <object>
    <name>black</name>
    <pose>Unspecified</pose>
    <truncated>0</truncated>
    <difficult>0</difficult>
    <bndbox>
        <xmin>136.09372846312888</xmin>
        <ymin>345.4580823293173</ymin>
        <xmax>179.3962784286699</xmax>
        <ymax>371.8837851405623</ymax>
    </bndbox>
</object>
</annotation>
