<annotation verified="yes">
    <folder>Annotation</folder>
    <filename>1051.jpg</filename>
    <path>黑点-PascalVOC-export/Annotations/1051.jpg</path>
    <source>
        <database>Unknown</database>
    </source>
    <size>
        <width>816</width>
        <height>420</height>
        <depth>3</depth>
    </size>
    <segmented>0</segmented>
    <object>
    <name>black</name>
    <pose>Unspecified</pose>
    <truncated>0</truncated>
    <difficult>0</difficult>
    <bndbox>
        <xmin>277.24879393521707</xmin>
        <ymin>50.277359437751</ymin>
        <xmax>313.80289455547893</xmax>
        <ymax>87.38579317269077</ymax>
    </bndbox>
</object>
</annotation>
