<annotation verified="yes">
    <folder>Annotation</folder>
    <filename>1052.jpg</filename>
    <path>黑点-PascalVOC-export/Annotations/1052.jpg</path>
    <source>
        <database>Unknown</database>
    </source>
    <size>
        <width>816</width>
        <height>420</height>
        <depth>3</depth>
    </size>
    <segmented>0</segmented>
    <object>
    <name>black</name>
    <pose>Unspecified</pose>
    <truncated>0</truncated>
    <difficult>0</difficult>
    <bndbox>
        <xmin>723.2088215024121</xmin>
        <ymin>234.69503012048193</ymin>
        <xmax>751.327360441075</xmax>
        <ymax>265.6187248995984</ymax>
    </bndbox>
</object><object>
    <name>black</name>
    <pose>Unspecified</pose>
    <truncated>0</truncated>
    <difficult>0</difficult>
    <bndbox>
        <xmin>148.4658855961406</xmin>
        <ymin>84.57454819277109</ymin>
        <xmax>191.7684355616816</xmax>
        <ymax>132.92796184738955</ymax>
    </bndbox>
</object>
</annotation>
