<annotation verified="yes">
    <folder>Annotation</folder>
    <filename>1053.jpg</filename>
    <path>黑点-PascalVOC-export/Annotations/1053.jpg</path>
    <source>
        <database>Unknown</database>
    </source>
    <size>
        <width>816</width>
        <height>420</height>
        <depth>3</depth>
    </size>
    <segmented>0</segmented>
    <object>
    <name>black</name>
    <pose>Unspecified</pose>
    <truncated>0</truncated>
    <difficult>0</difficult>
    <bndbox>
        <xmin>39.365954514128184</xmin>
        <ymin>240.87976907630522</ymin>
        <xmax>71.421088904204</xmax>
        <ymax>269.55446787148594</ymax>
    </bndbox>
</object>
</annotation>
