<annotation verified="yes">
    <folder>Annotation</folder>
    <filename>1054.jpg</filename>
    <path>黑点-PascalVOC-export/Annotations/1054.jpg</path>
    <source>
        <database>Unknown</database>
    </source>
    <size>
        <width>816</width>
        <height>420</height>
        <depth>3</depth>
    </size>
    <segmented>0</segmented>
    <object>
    <name>black</name>
    <pose>Unspecified</pose>
    <truncated>0</truncated>
    <difficult>0</difficult>
    <bndbox>
        <xmin>277.81116471399037</xmin>
        <ymin>94.132781124498</ymin>
        <xmax>303.68022053756033</xmax>
        <ymax>122.24523092369478</ymax>
    </bndbox>
</object>
</annotation>
