<annotation verified="yes">
    <folder>Annotation</folder>
    <filename>1055.jpg</filename>
    <path>黑点-PascalVOC-export/Annotations/1055.jpg</path>
    <source>
        <database>Unknown</database>
    </source>
    <size>
        <width>816</width>
        <height>420</height>
        <depth>3</depth>
    </size>
    <segmented>0</segmented>
    <object>
    <name>black</name>
    <pose>Unspecified</pose>
    <truncated>0</truncated>
    <difficult>0</difficult>
    <bndbox>
        <xmin>280.0606478290834</xmin>
        <ymin>200.9600903614458</ymin>
        <xmax>319.4266023432116</xmax>
        <ymax>239.19302208835342</ymax>
    </bndbox>
</object>
</annotation>
