<annotation verified="yes">
    <folder>Annotation</folder>
    <filename>1056.jpg</filename>
    <path>黑点-PascalVOC-export/Annotations/1056.jpg</path>
    <source>
        <database>Unknown</database>
    </source>
    <size>
        <width>816</width>
        <height>420</height>
        <depth>3</depth>
    </size>
    <segmented>0</segmented>
    <object>
    <name>black</name>
    <pose>Unspecified</pose>
    <truncated>0</truncated>
    <difficult>0</difficult>
    <bndbox>
        <xmin>736.1433494141971</xmin>
        <ymin>329.7151104417671</ymin>
        <xmax>776.6340454858719</xmax>
        <ymax>360.0765562248996</ymax>
    </bndbox>
</object>
</annotation>
