<annotation verified="yes">
    <folder>Annotation</folder>
    <filename>1057.jpg</filename>
    <path>黑点-PascalVOC-export/Annotations/1057.jpg</path>
    <source>
        <database>Unknown</database>
    </source>
    <size>
        <width>816</width>
        <height>420</height>
        <depth>3</depth>
    </size>
    <segmented>0</segmented>
    <object>
    <name>black</name>
    <pose>Unspecified</pose>
    <truncated>0</truncated>
    <difficult>0</difficult>
    <bndbox>
        <xmin>161.40041350792558</xmin>
        <ymin>385.3777610441767</ymin>
        <xmax>239.00758097863542</xmax>
        <ymax>419.1127008032128</ymax>
    </bndbox>
</object>
</annotation>
