<annotation verified="yes">
    <folder>Annotation</folder>
    <filename>1058.jpg</filename>
    <path>黑点-PascalVOC-export/Annotations/1058.jpg</path>
    <source>
        <database>Unknown</database>
    </source>
    <size>
        <width>816</width>
        <height>420</height>
        <depth>3</depth>
    </size>
    <segmented>0</segmented>
    <object>
    <name>black</name>
    <pose>Unspecified</pose>
    <truncated>0</truncated>
    <difficult>0</difficult>
    <bndbox>
        <xmin>249.1302549965541</xmin>
        <ymin>169.47414658634537</ymin>
        <xmax>303.11784975878703</xmax>
        <ymax>220.6388052208835</ymax>
    </bndbox>
</object>
</annotation>
