<annotation verified="yes">
    <folder>Annotation</folder>
    <filename>1059.jpg</filename>
    <path>黑点-PascalVOC-export/Annotations/1059.jpg</path>
    <source>
        <database>Unknown</database>
    </source>
    <size>
        <width>816</width>
        <height>420</height>
        <depth>3</depth>
    </size>
    <segmented>0</segmented>
    <object>
    <name>black</name>
    <pose>Unspecified</pose>
    <truncated>0</truncated>
    <difficult>0</difficult>
    <bndbox>
        <xmin>762.012405237767</xmin>
        <ymin>223.45005020080322</ymin>
        <xmax>793.5051688490695</xmax>
        <ymax>256.62274096385545</ymax>
    </bndbox>
</object>
</annotation>
