<annotation verified="yes">
    <folder>Annotation</folder>
    <filename>1060.jpg</filename>
    <path>黑点-PascalVOC-export/Annotations/1060.jpg</path>
    <source>
        <database>Unknown</database>
    </source>
    <size>
        <width>816</width>
        <height>420</height>
        <depth>3</depth>
    </size>
    <segmented>0</segmented>
    <object>
    <name>black</name>
    <pose>Unspecified</pose>
    <truncated>0</truncated>
    <difficult>0</difficult>
    <bndbox>
        <xmin>168.1488628532047</xmin>
        <ymin>128.992218875502</ymin>
        <xmax>227.76016540317022</xmax>
        <ymax>156.54241967871485</ymax>
    </bndbox>
</object>
</annotation>
