<annotation verified="yes">
    <folder>Annotation</folder>
    <filename>1061.jpg</filename>
    <path>黑点-PascalVOC-export/Annotations/1061.jpg</path>
    <source>
        <database>Unknown</database>
    </source>
    <size>
        <width>816</width>
        <height>420</height>
        <depth>3</depth>
    </size>
    <segmented>0</segmented>
    <object>
    <name>black</name>
    <pose>Unspecified</pose>
    <truncated>0</truncated>
    <difficult>0</difficult>
    <bndbox>
        <xmin>396.4713990351482</xmin>
        <ymin>345.4580823293173</ymin>
        <xmax>456.08270158511374</xmax>
        <ymax>394.3737449799197</ymax>
    </bndbox>
</object>
</annotation>
