<annotation verified="yes">
    <folder>Annotation</folder>
    <filename>1062.jpg</filename>
    <path>黑点-PascalVOC-export/Annotations/1062.jpg</path>
    <source>
        <database>Unknown</database>
    </source>
    <size>
        <width>816</width>
        <height>420</height>
        <depth>3</depth>
    </size>
    <segmented>0</segmented>
    <object>
    <name>black</name>
    <pose>Unspecified</pose>
    <truncated>0</truncated>
    <difficult>0</difficult>
    <bndbox>
        <xmin>458.89455547898</xmin>
        <ymin>196.4620983935743</ymin>
        <xmax>497.13576843556166</xmax>
        <ymax>229.6347891566265</ymax>
    </bndbox>
</object>
</annotation>
