<annotation verified="yes">
    <folder>Annotation</folder>
    <filename>1063.jpg</filename>
    <path>黑点-PascalVOC-export/Annotations/1063.jpg</path>
    <source>
        <database>Unknown</database>
    </source>
    <size>
        <width>816</width>
        <height>420</height>
        <depth>3</depth>
    </size>
    <segmented>0</segmented>
    <object>
    <name>black</name>
    <pose>Unspecified</pose>
    <truncated>0</truncated>
    <difficult>0</difficult>
    <bndbox>
        <xmin>454.3955892487939</xmin>
        <ymin>25.53840361445783</ymin>
        <xmax>493.19917298414884</xmax>
        <ymax>55.33760040160642</ymax>
    </bndbox>
</object>
</annotation>
