<annotation verified="yes">
    <folder>Annotation</folder>
    <filename>1064.jpg</filename>
    <path>黑点-PascalVOC-export/Annotations/1064.jpg</path>
    <source>
        <database>Unknown</database>
    </source>
    <size>
        <width>816</width>
        <height>420</height>
        <depth>3</depth>
    </size>
    <segmented>0</segmented>
    <object>
    <name>black</name>
    <pose>Unspecified</pose>
    <truncated>0</truncated>
    <difficult>0</difficult>
    <bndbox>
        <xmin>26.993797381116472</xmin>
        <ymin>331.9641064257028</ymin>
        <xmax>106.85044796691938</xmax>
        <ymax>380.3175200803213</ymax>
    </bndbox>
</object>
</annotation>
