<annotation verified="yes">
    <folder>Annotation</folder>
    <filename>1065.jpg</filename>
    <path>黑点-PascalVOC-export/Annotations/1065.jpg</path>
    <source>
        <database>Unknown</database>
    </source>
    <size>
        <width>816</width>
        <height>420</height>
        <depth>3</depth>
    </size>
    <segmented>0</segmented>
    <object>
    <name>black</name>
    <pose>Unspecified</pose>
    <truncated>0</truncated>
    <difficult>0</difficult>
    <bndbox>
        <xmin>179.3962784286699</xmin>
        <ymin>254.9359939759036</ymin>
        <xmax>241.81943487250172</xmax>
        <ymax>312.28539156626505</ymax>
    </bndbox>
</object>
</annotation>
