<annotation verified="yes">
    <folder>Annotation</folder>
    <filename>1066.jpg</filename>
    <path>黑点-PascalVOC-export/Annotations/1066.jpg</path>
    <source>
        <database>Unknown</database>
    </source>
    <size>
        <width>816</width>
        <height>420</height>
        <depth>3</depth>
    </size>
    <segmented>0</segmented>
    <object>
    <name>black</name>
    <pose>Unspecified</pose>
    <truncated>0</truncated>
    <difficult>0</difficult>
    <bndbox>
        <xmin>61.29841488628532</xmin>
        <ymin>191.96410642570282</ymin>
        <xmax>196.26740179186766</xmax>
        <ymax>302.72715863453817</ymax>
    </bndbox>
</object>
</annotation>
