<annotation verified="yes">
    <folder>Annotation</folder>
    <filename>1067.jpg</filename>
    <path>黑点-PascalVOC-export/Annotations/1067.jpg</path>
    <source>
        <database>Unknown</database>
    </source>
    <size>
        <width>816</width>
        <height>420</height>
        <depth>3</depth>
    </size>
    <segmented>0</segmented>
    <object>
    <name>black</name>
    <pose>Unspecified</pose>
    <truncated>0</truncated>
    <difficult>0</difficult>
    <bndbox>
        <xmin>337.42246726395587</xmin>
        <ymin>249.31350401606426</ymin>
        <xmax>378.47553411440384</xmax>
        <ymax>286.984186746988</ymax>
    </bndbox>
</object>
</annotation>
