<annotation verified="yes">
    <folder>Annotation</folder>
    <filename>1068.jpg</filename>
    <path>黑点-PascalVOC-export/Annotations/1068.jpg</path>
    <source>
        <database>Unknown</database>
    </source>
    <size>
        <width>816</width>
        <height>420</height>
        <depth>3</depth>
    </size>
    <segmented>0</segmented>
    <object>
    <name>black</name>
    <pose>Unspecified</pose>
    <truncated>0</truncated>
    <difficult>0</difficult>
    <bndbox>
        <xmin>358.2301860785665</xmin>
        <ymin>181.84362449799195</ymin>
        <xmax>393.09717436250855</xmax>
        <ymax>232.44603413654616</ymax>
    </bndbox>
</object>
</annotation>
