<annotation verified="yes">
    <folder>Annotation</folder>
    <filename>1069.jpg</filename>
    <path>黑点-PascalVOC-export/Annotations/1069.jpg</path>
    <source>
        <database>Unknown</database>
    </source>
    <size>
        <width>816</width>
        <height>420</height>
        <depth>3</depth>
    </size>
    <segmented>0</segmented>
    <object>
    <name>black</name>
    <pose>Unspecified</pose>
    <truncated>0</truncated>
    <difficult>0</difficult>
    <bndbox>
        <xmin>12.372157133011715</xmin>
        <ymin>57.02434738955823</ymin>
        <xmax>56.799448656099244</xmax>
        <ymax>94.132781124498</ymax>
    </bndbox>
</object>
</annotation>
