<annotation verified="yes">
    <folder>Annotation</folder>
    <filename>1070.jpg</filename>
    <path>黑点-PascalVOC-export/Annotations/1070.jpg</path>
    <source>
        <database>Unknown</database>
    </source>
    <size>
        <width>816</width>
        <height>420</height>
        <depth>3</depth>
    </size>
    <segmented>0</segmented>
    <object>
    <name>black</name>
    <pose>Unspecified</pose>
    <truncated>0</truncated>
    <difficult>0</difficult>
    <bndbox>
        <xmin>323.92556857339764</xmin>
        <ymin>187.46611445783134</ymin>
        <xmax>371.16471399035146</xmax>
        <ymax>222.88780120481928</ymax>
    </bndbox>
</object>
</annotation>
