<annotation verified="yes">
    <folder>Annotation</folder>
    <filename>1071.jpg</filename>
    <path>黑点-PascalVOC-export/Annotations/1071.jpg</path>
    <source>
        <database>Unknown</database>
    </source>
    <size>
        <width>816</width>
        <height>420</height>
        <depth>3</depth>
    </size>
    <segmented>0</segmented>
    <object>
    <name>black</name>
    <pose>Unspecified</pose>
    <truncated>0</truncated>
    <difficult>0</difficult>
    <bndbox>
        <xmin>66.92212267401791</xmin>
        <ymin>358.38980923694777</ymin>
        <xmax>134.40661612680907</xmax>
        <ymax>408.42996987951807</ymax>
    </bndbox>
</object><object>
    <name>black</name>
    <pose>Unspecified</pose>
    <truncated>0</truncated>
    <difficult>0</difficult>
    <bndbox>
        <xmin>327.86216402481045</xmin>
        <ymin>361.2010542168675</ymin>
        <xmax>420.09097174362506</xmax>
        <ymax>417.988202811245</ymax>
    </bndbox>
</object>
</annotation>
