<annotation verified="yes">
    <folder>Annotation</folder>
    <filename>1072.jpg</filename>
    <path>黑点-PascalVOC-export/Annotations/1072.jpg</path>
    <source>
        <database>Unknown</database>
    </source>
    <size>
        <width>816</width>
        <height>420</height>
        <depth>3</depth>
    </size>
    <segmented>0</segmented>
    <object>
    <name>black</name>
    <pose>Unspecified</pose>
    <truncated>0</truncated>
    <difficult>0</difficult>
    <bndbox>
        <xmin>462.8311509303928</xmin>
        <ymin>307.22515060240966</ymin>
        <xmax>511.7574086836664</xmax>
        <ymax>343.20908634538154</ymax>
    </bndbox>
</object>
</annotation>
