<annotation verified="yes">
    <folder>Annotation</folder>
    <filename>1073.jpg</filename>
    <path>黑点-PascalVOC-export/Annotations/1073.jpg</path>
    <source>
        <database>Unknown</database>
    </source>
    <size>
        <width>816</width>
        <height>420</height>
        <depth>3</depth>
    </size>
    <segmented>0</segmented>
    <object>
    <name>black</name>
    <pose>Unspecified</pose>
    <truncated>0</truncated>
    <difficult>0</difficult>
    <bndbox>
        <xmin>446.52239834596827</xmin>
        <ymin>298.7914156626506</ymin>
        <xmax>515.131633356306</xmax>
        <ymax>346.0203313253012</ymax>
    </bndbox>
</object>
</annotation>
