<annotation verified="yes">
    <folder>Annotation</folder>
    <filename>1074.jpg</filename>
    <path>黑点-PascalVOC-export/Annotations/1074.jpg</path>
    <source>
        <database>Unknown</database>
    </source>
    <size>
        <width>816</width>
        <height>420</height>
        <depth>3</depth>
    </size>
    <segmented>0</segmented>
    <object>
    <name>black</name>
    <pose>Unspecified</pose>
    <truncated>0</truncated>
    <difficult>0</difficult>
    <bndbox>
        <xmin>751.3273604410751</xmin>
        <ymin>194.7753514056225</ymin>
        <xmax>785.631977946244</xmax>
        <ymax>234.132781124498</ymax>
    </bndbox>
</object>
</annotation>
