<annotation verified="yes">
    <folder>Annotation</folder>
    <filename>1075.jpg</filename>
    <path>黑点-PascalVOC-export/Annotations/1075.jpg</path>
    <source>
        <database>Unknown</database>
    </source>
    <size>
        <width>816</width>
        <height>420</height>
        <depth>3</depth>
    </size>
    <segmented>0</segmented>
    <object>
    <name>black</name>
    <pose>Unspecified</pose>
    <truncated>0</truncated>
    <difficult>0</difficult>
    <bndbox>
        <xmin>35.99172984148863</xmin>
        <ymin>145.85968875502007</ymin>
        <xmax>77.60716747070985</xmax>
        <ymax>175.09663654618473</ymax>
    </bndbox>
</object>
</annotation>
