<annotation verified="yes">
    <folder>Annotation</folder>
    <filename>1076.jpg</filename>
    <path>黑点-PascalVOC-export/Annotations/1076.jpg</path>
    <source>
        <database>Unknown</database>
    </source>
    <size>
        <width>816</width>
        <height>420</height>
        <depth>3</depth>
    </size>
    <segmented>0</segmented>
    <object>
    <name>black</name>
    <pose>Unspecified</pose>
    <truncated>0</truncated>
    <difficult>0</difficult>
    <bndbox>
        <xmin>390.8476912474156</xmin>
        <ymin>112.68699799196787</ymin>
        <xmax>413.9048931771192</xmax>
        <ymax>137.98820281124497</ymax>
    </bndbox>
</object>
</annotation>
