<annotation verified="yes">
    <folder>Annotation</folder>
    <filename>1077.jpg</filename>
    <path>黑点-PascalVOC-export/Annotations/1077.jpg</path>
    <source>
        <database>Unknown</database>
    </source>
    <size>
        <width>816</width>
        <height>420</height>
        <depth>3</depth>
    </size>
    <segmented>0</segmented>
    <object>
    <name>black</name>
    <pose>Unspecified</pose>
    <truncated>0</truncated>
    <difficult>0</difficult>
    <bndbox>
        <xmin>700.1516195727085</xmin>
        <ymin>175.09663654618473</ymin>
        <xmax>735.0186078566505</xmax>
        <ymax>217.2653112449799</ymax>
    </bndbox>
</object>
</annotation>
