<annotation verified="yes">
    <folder>Annotation</folder>
    <filename>1079.jpg</filename>
    <path>黑点-PascalVOC-export/Annotations/1079.jpg</path>
    <source>
        <database>Unknown</database>
    </source>
    <size>
        <width>816</width>
        <height>420</height>
        <depth>3</depth>
    </size>
    <segmented>0</segmented>
    <object>
    <name>black</name>
    <pose>Unspecified</pose>
    <truncated>0</truncated>
    <difficult>0</difficult>
    <bndbox>
        <xmin>378.47553411440384</xmin>
        <ymin>340.39784136546183</ymin>
        <xmax>413.342522398346</xmax>
        <ymax>366.26129518072287</ymax>
    </bndbox>
</object>
</annotation>
