<annotation verified="yes">
    <folder>Annotation</folder>
    <filename>1080.jpg</filename>
    <path>黑点-PascalVOC-export/Annotations/1080.jpg</path>
    <source>
        <database>Unknown</database>
    </source>
    <size>
        <width>816</width>
        <height>420</height>
        <depth>3</depth>
    </size>
    <segmented>0</segmented>
    <object>
    <name>black</name>
    <pose>Unspecified</pose>
    <truncated>0</truncated>
    <difficult>0</difficult>
    <bndbox>
        <xmin>580.3666436940041</xmin>
        <ymin>163.28940763052208</ymin>
        <xmax>617.4831150930393</xmax>
        <ymax>204.33358433734938</ymax>
    </bndbox>
</object>
</annotation>
