<annotation verified="yes">
    <folder>Annotation</folder>
    <filename>1081.jpg</filename>
    <path>黑点-PascalVOC-export/Annotations/1081.jpg</path>
    <source>
        <database>Unknown</database>
    </source>
    <size>
        <width>816</width>
        <height>420</height>
        <depth>3</depth>
    </size>
    <segmented>0</segmented>
    <object>
    <name>black</name>
    <pose>Unspecified</pose>
    <truncated>0</truncated>
    <difficult>0</difficult>
    <bndbox>
        <xmin>784.5072363886974</xmin>
        <ymin>316.78338353413653</ymin>
        <xmax>815.4376292212266</xmax>
        <ymax>350.51832329317267</ymax>
    </bndbox>
</object>
</annotation>
