<annotation verified="yes">
    <folder>Annotation</folder>
    <filename>1082.jpg</filename>
    <path>黑点-PascalVOC-export/Annotations/1082.jpg</path>
    <source>
        <database>Unknown</database>
    </source>
    <size>
        <width>816</width>
        <height>420</height>
        <depth>3</depth>
    </size>
    <segmented>0</segmented>
    <object>
    <name>black</name>
    <pose>Unspecified</pose>
    <truncated>0</truncated>
    <difficult>0</difficult>
    <bndbox>
        <xmin>376.78842177808406</xmin>
        <ymin>226.82354417670683</ymin>
        <xmax>420.09097174362506</xmax>
        <ymax>265.6187248995984</ymax>
    </bndbox>
</object>
</annotation>
