<annotation verified="yes">
    <folder>Annotation</folder>
    <filename>1083.jpg</filename>
    <path>黑点-PascalVOC-export/Annotations/1083.jpg</path>
    <source>
        <database>Unknown</database>
    </source>
    <size>
        <width>816</width>
        <height>420</height>
        <depth>3</depth>
    </size>
    <segmented>0</segmented>
    <object>
    <name>black</name>
    <pose>Unspecified</pose>
    <truncated>0</truncated>
    <difficult>0</difficult>
    <bndbox>
        <xmin>532.565127498277</xmin>
        <ymin>59.83559236947791</ymin>
        <xmax>567.9944865609923</xmax>
        <ymax>95.25727911646587</ymax>
    </bndbox>
</object>
</annotation>
