<annotation verified="yes">
    <folder>Annotation</folder>
    <filename>1084.jpg</filename>
    <path>黑点-PascalVOC-export/Annotations/1084.jpg</path>
    <source>
        <database>Unknown</database>
    </source>
    <size>
        <width>816</width>
        <height>420</height>
        <depth>3</depth>
    </size>
    <segmented>0</segmented>
    <object>
    <name>black</name>
    <pose>Unspecified</pose>
    <truncated>0</truncated>
    <difficult>0</difficult>
    <bndbox>
        <xmin>514.0068917987595</xmin>
        <ymin>218.95205823293173</ymin>
        <xmax>541.5630599586492</xmax>
        <ymax>253.2492469879518</ymax>
    </bndbox>
</object>
</annotation>
