<annotation verified="yes">
    <folder>Annotation</folder>
    <filename>1085.jpg</filename>
    <path>黑点-PascalVOC-export/Annotations/1085.jpg</path>
    <source>
        <database>Unknown</database>
    </source>
    <size>
        <width>816</width>
        <height>420</height>
        <depth>3</depth>
    </size>
    <segmented>0</segmented>
    <object>
    <name>black</name>
    <pose>Unspecified</pose>
    <truncated>0</truncated>
    <difficult>0</difficult>
    <bndbox>
        <xmin>67.48449345279117</xmin>
        <ymin>280.23719879518075</ymin>
        <xmax>106.85044796691935</xmax>
        <ymax>303.85165662650604</ymax>
    </bndbox>
</object>
</annotation>
