<annotation verified="yes">
    <folder>Annotation</folder>
    <filename>1086.jpg</filename>
    <path>黑点-PascalVOC-export/Annotations/1086.jpg</path>
    <source>
        <database>Unknown</database>
    </source>
    <size>
        <width>816</width>
        <height>420</height>
        <depth>3</depth>
    </size>
    <segmented>0</segmented>
    <object>
    <name>black</name>
    <pose>Unspecified</pose>
    <truncated>0</truncated>
    <difficult>0</difficult>
    <bndbox>
        <xmin>592.7388008270158</xmin>
        <ymin>97.50627510040161</ymin>
        <xmax>627.0434183321846</xmax>
        <ymax>122.80747991967871</ymax>
    </bndbox>
</object>
</annotation>
