<annotation verified="yes">
    <folder>Annotation</folder>
    <filename>1087.jpg</filename>
    <path>黑点-PascalVOC-export/Annotations/1087.jpg</path>
    <source>
        <database>Unknown</database>
    </source>
    <size>
        <width>816</width>
        <height>420</height>
        <depth>3</depth>
    </size>
    <segmented>0</segmented>
    <object>
    <name>black</name>
    <pose>Unspecified</pose>
    <truncated>0</truncated>
    <difficult>0</difficult>
    <bndbox>
        <xmin>430.776016540317</xmin>
        <ymin>257.74723895582326</ymin>
        <xmax>471.829083390765</xmax>
        <ymax>281.9239457831325</ymax>
    </bndbox>
</object>
</annotation>
