<annotation verified="yes">
    <folder>Annotation</folder>
    <filename>1088.jpg</filename>
    <path>黑点-PascalVOC-export/Annotations/1088.jpg</path>
    <source>
        <database>Unknown</database>
    </source>
    <size>
        <width>816</width>
        <height>420</height>
        <depth>3</depth>
    </size>
    <segmented>0</segmented>
    <object>
    <name>black</name>
    <pose>Unspecified</pose>
    <truncated>0</truncated>
    <difficult>0</difficult>
    <bndbox>
        <xmin>780.5706409372846</xmin>
        <ymin>144.7351907630522</ymin>
        <xmax>812.0634045485871</xmax>
        <ymax>175.09663654618473</ymax>
    </bndbox>
</object>
</annotation>
