<annotation verified="yes">
    <folder>Annotation</folder>
    <filename>1089.jpg</filename>
    <path>黑点-PascalVOC-export/Annotations/1089.jpg</path>
    <source>
        <database>Unknown</database>
    </source>
    <size>
        <width>816</width>
        <height>420</height>
        <depth>3</depth>
    </size>
    <segmented>0</segmented>
    <object>
    <name>black</name>
    <pose>Unspecified</pose>
    <truncated>0</truncated>
    <difficult>0</difficult>
    <bndbox>
        <xmin>29.24328049620951</xmin>
        <ymin>158.7914156626506</ymin>
        <xmax>79.8566505858029</xmax>
        <ymax>207.707078313253</ymax>
    </bndbox>
</object>
</annotation>
