<annotation verified="yes">
    <folder>Annotation</folder>
    <filename>1090.jpg</filename>
    <path>黑点-PascalVOC-export/Annotations/1090.jpg</path>
    <source>
        <database>Unknown</database>
    </source>
    <size>
        <width>816</width>
        <height>420</height>
        <depth>3</depth>
    </size>
    <segmented>0</segmented>
    <object>
    <name>black</name>
    <pose>Unspecified</pose>
    <truncated>0</truncated>
    <difficult>0</difficult>
    <bndbox>
        <xmin>779.4458993797381</xmin>
        <ymin>86.82354417670683</ymin>
        <xmax>809.2515506547209</xmax>
        <ymax>116.06049196787149</ymax>
    </bndbox>
</object>
</annotation>
