<annotation verified="yes">
    <folder>Annotation</folder>
    <filename>1091.jpg</filename>
    <path>黑点-PascalVOC-export/Annotations/1091.jpg</path>
    <source>
        <database>Unknown</database>
    </source>
    <size>
        <width>816</width>
        <height>420</height>
        <depth>3</depth>
    </size>
    <segmented>0</segmented>
    <object>
    <name>black</name>
    <pose>Unspecified</pose>
    <truncated>0</truncated>
    <difficult>0</difficult>
    <bndbox>
        <xmin>61.29841488628532</xmin>
        <ymin>236.38177710843374</ymin>
        <xmax>105.72570640937285</xmax>
        <ymax>278.5504518072289</ymax>
    </bndbox>
</object>
</annotation>
