<annotation verified="yes">
    <folder>Annotation</folder>
    <filename>1092.jpg</filename>
    <path>黑点-PascalVOC-export/Annotations/1092.jpg</path>
    <source>
        <database>Unknown</database>
    </source>
    <size>
        <width>816</width>
        <height>420</height>
        <depth>3</depth>
    </size>
    <segmented>0</segmented>
    <object>
    <name>black</name>
    <pose>Unspecified</pose>
    <truncated>0</truncated>
    <difficult>0</difficult>
    <bndbox>
        <xmin>371.72708476912476</xmin>
        <ymin>51.40185742971887</ymin>
        <xmax>406.0317022742936</xmax>
        <ymax>73.8918172690763</ymax>
    </bndbox>
</object>
</annotation>
