<annotation verified="yes">
    <folder>Annotation</folder>
    <filename>1093.jpg</filename>
    <path>黑点-PascalVOC-export/Annotations/1093.jpg</path>
    <source>
        <database>Unknown</database>
    </source>
    <size>
        <width>816</width>
        <height>420</height>
        <depth>3</depth>
    </size>
    <segmented>0</segmented>
    <object>
    <name>black</name>
    <pose>Unspecified</pose>
    <truncated>0</truncated>
    <difficult>0</difficult>
    <bndbox>
        <xmin>41.05306685044797</xmin>
        <ymin>329.7151104417671</ymin>
        <xmax>83.23087525844245</xmax>
        <ymax>351.08057228915663</ymax>
    </bndbox>
</object>
</annotation>
