<annotation verified="yes">
    <folder>Annotation</folder>
    <filename>1094.jpg</filename>
    <path>黑点-PascalVOC-export/Annotations/1094.jpg</path>
    <source>
        <database>Unknown</database>
    </source>
    <size>
        <width>816</width>
        <height>420</height>
        <depth>3</depth>
    </size>
    <segmented>0</segmented>
    <object>
    <name>black</name>
    <pose>Unspecified</pose>
    <truncated>0</truncated>
    <difficult>0</difficult>
    <bndbox>
        <xmin>707.4624396967608</xmin>
        <ymin>161.60266064257027</ymin>
        <xmax>781.1330117160579</xmax>
        <ymax>216.703062248996</ymax>
    </bndbox>
</object>
</annotation>
