<annotation verified="yes">
    <folder>Annotation</folder>
    <filename>1095.jpg</filename>
    <path>黑点-PascalVOC-export/Annotations/1095.jpg</path>
    <source>
        <database>Unknown</database>
    </source>
    <size>
        <width>816</width>
        <height>420</height>
        <depth>3</depth>
    </size>
    <segmented>0</segmented>
    <object>
    <name>black</name>
    <pose>Unspecified</pose>
    <truncated>0</truncated>
    <difficult>0</difficult>
    <bndbox>
        <xmin>498.82288077188144</xmin>
        <ymin>49.15286144578313</ymin>
        <xmax>542.1254307374224</xmax>
        <ymax>80.0765562248996</ymax>
    </bndbox>
</object>
</annotation>
