<annotation verified="yes">
    <folder>Annotation</folder>
    <filename>1097.jpg</filename>
    <path>黑点-PascalVOC-export/Annotations/1097.jpg</path>
    <source>
        <database>Unknown</database>
    </source>
    <size>
        <width>816</width>
        <height>420</height>
        <depth>3</depth>
    </size>
    <segmented>0</segmented>
    <object>
    <name>black</name>
    <pose>Unspecified</pose>
    <truncated>0</truncated>
    <difficult>0</difficult>
    <bndbox>
        <xmin>666.9717436250861</xmin>
        <ymin>268.99221887550203</ymin>
        <xmax>722.6464507236388</xmax>
        <ymax>305.5384036144579</ymax>
    </bndbox>
</object>
</annotation>
