<annotation verified="yes">
    <folder>Annotation</folder>
    <filename>1098.jpg</filename>
    <path>黑点-PascalVOC-export/Annotations/1098.jpg</path>
    <source>
        <database>Unknown</database>
    </source>
    <size>
        <width>816</width>
        <height>420</height>
        <depth>3</depth>
    </size>
    <segmented>0</segmented>
    <object>
    <name>black</name>
    <pose>Unspecified</pose>
    <truncated>0</truncated>
    <difficult>0</difficult>
    <bndbox>
        <xmin>26.993797381116472</xmin>
        <ymin>108.75125502008032</ymin>
        <xmax>110.22467263955892</xmax>
        <ymax>186.34161646586347</ymax>
    </bndbox>
</object>
</annotation>
