<annotation verified="yes">
    <folder>Annotation</folder>
    <filename>1099.jpg</filename>
    <path>黑点-PascalVOC-export/Annotations/1099.jpg</path>
    <source>
        <database>Unknown</database>
    </source>
    <size>
        <width>816</width>
        <height>420</height>
        <depth>3</depth>
    </size>
    <segmented>0</segmented>
    <object>
    <name>black</name>
    <pose>Unspecified</pose>
    <truncated>0</truncated>
    <difficult>0</difficult>
    <bndbox>
        <xmin>155.77670572019298</xmin>
        <ymin>119.99623493975903</ymin>
        <xmax>191.7684355616816</xmax>
        <ymax>149.79543172690762</ymax>
    </bndbox>
</object>
</annotation>
