<annotation verified="yes">
    <folder>Annotation</folder>
    <filename>1100.jpg</filename>
    <path>黑点-PascalVOC-export/Annotations/1100.jpg</path>
    <source>
        <database>Unknown</database>
    </source>
    <size>
        <width>816</width>
        <height>420</height>
        <depth>3</depth>
    </size>
    <segmented>0</segmented>
    <object>
    <name>black</name>
    <pose>Unspecified</pose>
    <truncated>0</truncated>
    <difficult>0</difficult>
    <bndbox>
        <xmin>452.70847691247417</xmin>
        <ymin>27.787399598393574</ymin>
        <xmax>487.013094417643</xmax>
        <ymax>49.15286144578313</ymax>
    </bndbox>
</object>
</annotation>
