<annotation verified="yes">
    <folder>Annotation</folder>
    <filename>1101.jpg</filename>
    <path>黑点-PascalVOC-export/Annotations/1101.jpg</path>
    <source>
        <database>Unknown</database>
    </source>
    <size>
        <width>816</width>
        <height>420</height>
        <depth>3</depth>
    </size>
    <segmented>0</segmented>
    <object>
    <name>black</name>
    <pose>Unspecified</pose>
    <truncated>0</truncated>
    <difficult>0</difficult>
    <bndbox>
        <xmin>68.6092350103377</xmin>
        <ymin>341.285140562249</ymin>
        <xmax>117.5354927636113</xmax>
        <ymax>380.31752008032123</ymax>
    </bndbox>
</object>
</annotation>
