<annotation verified="yes">
    <folder>Annotation</folder>
    <filename>1102.jpg</filename>
    <path>黑点-PascalVOC-export/Annotations/1102.jpg</path>
    <source>
        <database>Unknown</database>
    </source>
    <size>
        <width>816</width>
        <height>420</height>
        <depth>3</depth>
    </size>
    <segmented>0</segmented>
    <object>
    <name>black</name>
    <pose>Unspecified</pose>
    <truncated>0</truncated>
    <difficult>0</difficult>
    <bndbox>
        <xmin>246.3184011026878</xmin>
        <ymin>57.586596385542165</ymin>
        <xmax>294.11991729841486</xmax>
        <ymax>87.9480421686747</ymax>
    </bndbox>
</object>
</annotation>
