<annotation verified="yes">
    <folder>Annotation</folder>
    <filename>1103.jpg</filename>
    <path>黑点-PascalVOC-export/Annotations/1103.jpg</path>
    <source>
        <database>Unknown</database>
    </source>
    <size>
        <width>816</width>
        <height>420</height>
        <depth>3</depth>
    </size>
    <segmented>0</segmented>
    <object>
    <name>black</name>
    <pose>Unspecified</pose>
    <truncated>0</truncated>
    <difficult>0</difficult>
    <bndbox>
        <xmin>445.960027567195</xmin>
        <ymin>53.08860441767068</ymin>
        <xmax>487.57546519641625</xmax>
        <ymax>87.9480421686747</ymax>
    </bndbox>
</object>
</annotation>
