<annotation verified="yes">
    <folder>Annotation</folder>
    <filename>1104.jpg</filename>
    <path>黑点-PascalVOC-export/Annotations/1104.jpg</path>
    <source>
        <database>Unknown</database>
    </source>
    <size>
        <width>816</width>
        <height>420</height>
        <depth>3</depth>
    </size>
    <segmented>0</segmented>
    <object>
    <name>black</name>
    <pose>Unspecified</pose>
    <truncated>0</truncated>
    <difficult>0</difficult>
    <bndbox>
        <xmin>250.81736733287389</xmin>
        <ymin>69.95607429718875</ymin>
        <xmax>337.4224672639559</xmax>
        <ymax>91.3215361445783</ymax>
    </bndbox>
</object><object>
    <name>black</name>
    <pose>Unspecified</pose>
    <truncated>0</truncated>
    <difficult>0</difficult>
    <bndbox>
        <xmin>427.9641626464507</xmin>
        <ymin>62.08458835341366</ymin>
        <xmax>514.5692625775328</xmax>
        <ymax>89.63478915662651</ymax>
    </bndbox>
</object><object>
    <name>black</name>
    <pose>Unspecified</pose>
    <truncated>0</truncated>
    <difficult>0</difficult>
    <bndbox>
        <xmin>611.8594073053067</xmin>
        <ymin>63.20908634538153</ymin>
        <xmax>654.0372157133012</xmax>
        <ymax>85.13679718875503</ymax>
    </bndbox>
</object><object>
    <name>black</name>
    <pose>Unspecified</pose>
    <truncated>0</truncated>
    <difficult>0</difficult>
    <bndbox>
        <xmin>152.96485182632668</xmin>
        <ymin>215.57856425702812</ymin>
        <xmax>184.45761543762922</xmax>
        <ymax>242.56651606425703</ymax>
    </bndbox>
</object>
</annotation>
