<annotation verified="yes">
    <folder>Annotation</folder>
    <filename>1105.jpg</filename>
    <path>黑点-PascalVOC-export/Annotations/1105.jpg</path>
    <source>
        <database>Unknown</database>
    </source>
    <size>
        <width>816</width>
        <height>420</height>
        <depth>3</depth>
    </size>
    <segmented>0</segmented>
    <object>
    <name>black</name>
    <pose>Unspecified</pose>
    <truncated>0</truncated>
    <difficult>0</difficult>
    <bndbox>
        <xmin>271.62508614748447</xmin>
        <ymin>113.2492469879518</ymin>
        <xmax>323.92556857339764</xmax>
        <ymax>153.73117469879517</ymax>
    </bndbox>
</object>
</annotation>
