<annotation verified="yes">
    <folder>Annotation</folder>
    <filename>1106.jpg</filename>
    <path>黑点-PascalVOC-export/Annotations/1106.jpg</path>
    <source>
        <database>Unknown</database>
    </source>
    <size>
        <width>816</width>
        <height>420</height>
        <depth>3</depth>
    </size>
    <segmented>0</segmented>
    <object>
    <name>black</name>
    <pose>Unspecified</pose>
    <truncated>0</truncated>
    <difficult>0</difficult>
    <bndbox>
        <xmin>263.75189524465884</xmin>
        <ymin>277.42595381526104</ymin>
        <xmax>299.1812543073742</xmax>
        <ymax>310.0363955823293</ymax>
    </bndbox>
</object>
</annotation>
