<annotation verified="yes">
    <folder>Annotation</folder>
    <filename>1107.jpg</filename>
    <path>黑点-PascalVOC-export/Annotations/1107.jpg</path>
    <source>
        <database>Unknown</database>
    </source>
    <size>
        <width>816</width>
        <height>420</height>
        <depth>3</depth>
    </size>
    <segmented>0</segmented>
    <object>
    <name>black</name>
    <pose>Unspecified</pose>
    <truncated>0</truncated>
    <difficult>0</difficult>
    <bndbox>
        <xmin>262.06478290833905</xmin>
        <ymin>188.02836345381527</ymin>
        <xmax>295.80702963473465</xmax>
        <ymax>224.01229919678715</ymax>
    </bndbox>
</object>
</annotation>
