<annotation verified="yes">
    <folder>Annotation</folder>
    <filename>1108.jpg</filename>
    <path>黑点-PascalVOC-export/Annotations/1108.jpg</path>
    <source>
        <database>Unknown</database>
    </source>
    <size>
        <width>816</width>
        <height>420</height>
        <depth>3</depth>
    </size>
    <segmented>0</segmented>
    <object>
    <name>black</name>
    <pose>Unspecified</pose>
    <truncated>0</truncated>
    <difficult>0</difficult>
    <bndbox>
        <xmin>480.8270158511371</xmin>
        <ymin>219.51430722891567</ymin>
        <xmax>519.0682288077188</xmax>
        <ymax>254.9359939759036</ymax>
    </bndbox>
</object>
</annotation>
