<annotation verified="yes">
    <folder>Annotation</folder>
    <filename>1109.jpg</filename>
    <path>黑点-PascalVOC-export/Annotations/1109.jpg</path>
    <source>
        <database>Unknown</database>
    </source>
    <size>
        <width>816</width>
        <height>420</height>
        <depth>3</depth>
    </size>
    <segmented>0</segmented>
    <object>
    <name>black</name>
    <pose>Unspecified</pose>
    <truncated>0</truncated>
    <difficult>0</difficult>
    <bndbox>
        <xmin>313.802894555479</xmin>
        <ymin>48.02836345381526</ymin>
        <xmax>373.41419710544454</xmax>
        <ymax>72.76731927710843</ymax>
    </bndbox>
</object>
</annotation>
