<annotation verified="yes">
    <folder>Annotation</folder>
    <filename>1110.jpg</filename>
    <path>黑点-PascalVOC-export/Annotations/1110.jpg</path>
    <source>
        <database>Unknown</database>
    </source>
    <size>
        <width>816</width>
        <height>420</height>
        <depth>3</depth>
    </size>
    <segmented>0</segmented>
    <object>
    <name>black</name>
    <pose>Unspecified</pose>
    <truncated>0</truncated>
    <difficult>0</difficult>
    <bndbox>
        <xmin>28.68090971743625</xmin>
        <ymin>194.21310240963857</ymin>
        <xmax>66.92212267401791</xmax>
        <ymax>231.32153614457832</ymax>
    </bndbox>
</object>
</annotation>
