<annotation verified="yes">
    <folder>Annotation</folder>
    <filename>1111.jpg</filename>
    <path>黑点-PascalVOC-export/Annotations/1111.jpg</path>
    <source>
        <database>Unknown</database>
    </source>
    <size>
        <width>816</width>
        <height>420</height>
        <depth>3</depth>
    </size>
    <segmented>0</segmented>
    <object>
    <name>black</name>
    <pose>Unspecified</pose>
    <truncated>0</truncated>
    <difficult>0</difficult>
    <bndbox>
        <xmin>463.39352170916607</xmin>
        <ymin>184.65486947791163</ymin>
        <xmax>501.0723638869745</xmax>
        <ymax>220.6388052208835</ymax>
    </bndbox>
</object>
</annotation>
