<annotation verified="yes">
    <folder>Annotation</folder>
    <filename>1112.jpg</filename>
    <path>黑点-PascalVOC-export/Annotations/1112.jpg</path>
    <source>
        <database>Unknown</database>
    </source>
    <size>
        <width>816</width>
        <height>420</height>
        <depth>3</depth>
    </size>
    <segmented>0</segmented>
    <object>
    <name>black</name>
    <pose>Unspecified</pose>
    <truncated>0</truncated>
    <difficult>0</difficult>
    <bndbox>
        <xmin>424.0275671950379</xmin>
        <ymin>338.1488453815261</ymin>
        <xmax>466.20537560303234</xmax>
        <ymax>379.7552710843373</ymax>
    </bndbox>
</object>
</annotation>
