<annotation verified="yes">
    <folder>Annotation</folder>
    <filename>1113.jpg</filename>
    <path>黑点-PascalVOC-export/Annotations/1113.jpg</path>
    <source>
        <database>Unknown</database>
    </source>
    <size>
        <width>816</width>
        <height>420</height>
        <depth>3</depth>
    </size>
    <segmented>0</segmented>
    <object>
    <name>black</name>
    <pose>Unspecified</pose>
    <truncated>0</truncated>
    <difficult>0</difficult>
    <bndbox>
        <xmin>271.0627153687112</xmin>
        <ymin>232.4460341365462</ymin>
        <xmax>378.47553411440384</xmax>
        <ymax>327.46611445783134</ymax>
    </bndbox>
</object>
</annotation>
