<annotation verified="yes">
    <folder>Annotation</folder>
    <filename>1114.jpg</filename>
    <path>黑点-PascalVOC-export/Annotations/1114.jpg</path>
    <source>
        <database>Unknown</database>
    </source>
    <size>
        <width>816</width>
        <height>420</height>
        <depth>3</depth>
    </size>
    <segmented>0</segmented>
    <object>
    <name>black</name>
    <pose>Unspecified</pose>
    <truncated>0</truncated>
    <difficult>0</difficult>
    <bndbox>
        <xmin>60.73604410751206</xmin>
        <ymin>235.25727911646587</ymin>
        <xmax>95.0406616126809</xmax>
        <ymax>266.7432228915663</ymax>
    </bndbox>
</object><object>
    <name>black</name>
    <pose>Unspecified</pose>
    <truncated>0</truncated>
    <difficult>0</difficult>
    <bndbox>
        <xmin>617.4831150930393</xmin>
        <ymin>86.82354417670683</ymin>
        <xmax>663.5975189524465</xmax>
        <ymax>134.05245983935743</ymax>
    </bndbox>
</object>
</annotation>
