<annotation verified="yes">
    <folder>Annotation</folder>
    <filename>1115.jpg</filename>
    <path>黑点-PascalVOC-export/Annotations/1115.jpg</path>
    <source>
        <database>Unknown</database>
    </source>
    <size>
        <width>816</width>
        <height>420</height>
        <depth>3</depth>
    </size>
    <segmented>0</segmented>
    <object>
    <name>black</name>
    <pose>Unspecified</pose>
    <truncated>0</truncated>
    <difficult>0</difficult>
    <bndbox>
        <xmin>273.31219848380425</xmin>
        <ymin>261.12073293172693</ymin>
        <xmax>324.4879393521709</xmax>
        <ymax>307.7873995983936</ymax>
    </bndbox>
</object><object>
    <name>black</name>
    <pose>Unspecified</pose>
    <truncated>0</truncated>
    <difficult>0</difficult>
    <bndbox>
        <xmin>560.1212956581668</xmin>
        <ymin>279.6749497991968</ymin>
        <xmax>590.4893177119228</xmax>
        <ymax>303.85165662650604</ymax>
    </bndbox>
</object>
</annotation>
