<annotation verified="yes">
    <folder>Annotation</folder>
    <filename>1116.jpg</filename>
    <path>黑点-PascalVOC-export/Annotations/1116.jpg</path>
    <source>
        <database>Unknown</database>
    </source>
    <size>
        <width>816</width>
        <height>420</height>
        <depth>3</depth>
    </size>
    <segmented>0</segmented>
    <object>
    <name>black</name>
    <pose>Unspecified</pose>
    <truncated>0</truncated>
    <difficult>0</difficult>
    <bndbox>
        <xmin>642.789800137836</xmin>
        <ymin>68.83157630522088</ymin>
        <xmax>673.7201929703652</xmax>
        <ymax>98.06852409638554</ymax>
    </bndbox>
</object>
</annotation>
