<annotation verified="yes">
    <folder>Annotation</folder>
    <filename>1117.jpg</filename>
    <path>黑点-PascalVOC-export/Annotations/1117.jpg</path>
    <source>
        <database>Unknown</database>
    </source>
    <size>
        <width>816</width>
        <height>420</height>
        <depth>3</depth>
    </size>
    <segmented>0</segmented>
    <object>
    <name>black</name>
    <pose>Unspecified</pose>
    <truncated>0</truncated>
    <difficult>0</difficult>
    <bndbox>
        <xmin>393.0971743625086</xmin>
        <ymin>3.6106927710843375</ymin>
        <xmax>486.4507236388697</xmax>
        <ymax>51.40185742971887</ymax>
    </bndbox>
</object><object>
    <name>black</name>
    <pose>Unspecified</pose>
    <truncated>0</truncated>
    <difficult>0</difficult>
    <bndbox>
        <xmin>678.7815299793245</xmin>
        <ymin>12.60667670682731</ymin>
        <xmax>747.9531357684355</xmax>
        <ymax>56.462098393574294</ymax>
    </bndbox>
</object>
</annotation>
