<annotation verified="yes">
    <folder>Annotation</folder>
    <filename>1118.jpg</filename>
    <path>黑点-PascalVOC-export/Annotations/1118.jpg</path>
    <source>
        <database>Unknown</database>
    </source>
    <size>
        <width>816</width>
        <height>420</height>
        <depth>3</depth>
    </size>
    <segmented>0</segmented>
    <object>
    <name>black</name>
    <pose>Unspecified</pose>
    <truncated>0</truncated>
    <difficult>0</difficult>
    <bndbox>
        <xmin>773.2598208132322</xmin>
        <ymin>274.6147088353414</ymin>
        <xmax>809.8139214334941</xmax>
        <ymax>311.16089357429723</ymax>
    </bndbox>
</object>
</annotation>
