<annotation verified="yes">
    <folder>Annotation</folder>
    <filename>1119.jpg</filename>
    <path>黑点-PascalVOC-export/Annotations/1119.jpg</path>
    <source>
        <database>Unknown</database>
    </source>
    <size>
        <width>816</width>
        <height>420</height>
        <depth>3</depth>
    </size>
    <segmented>0</segmented>
    <object>
    <name>black</name>
    <pose>Unspecified</pose>
    <truncated>0</truncated>
    <difficult>0</difficult>
    <bndbox>
        <xmin>457.2074431426602</xmin>
        <ymin>242.0042670682731</ymin>
        <xmax>492.6368022053756</xmax>
        <ymax>274.0524598393574</ymax>
    </bndbox>
</object>
</annotation>
