<annotation verified="yes">
    <folder>Annotation</folder>
    <filename>1120.jpg</filename>
    <path>黑点-PascalVOC-export/Annotations/1120.jpg</path>
    <source>
        <database>Unknown</database>
    </source>
    <size>
        <width>816</width>
        <height>420</height>
        <depth>3</depth>
    </size>
    <segmented>0</segmented>
    <object>
    <name>black</name>
    <pose>Unspecified</pose>
    <truncated>0</truncated>
    <difficult>0</difficult>
    <bndbox>
        <xmin>159.7133011716058</xmin>
        <ymin>66.58258032128514</ymin>
        <xmax>187.8318401102688</xmax>
        <ymax>98.06852409638554</ymax>
    </bndbox>
</object>
</annotation>
