<annotation verified="yes">
    <folder>Annotation</folder>
    <filename>1121.jpg</filename>
    <path>黑点-PascalVOC-export/Annotations/1121.jpg</path>
    <source>
        <database>Unknown</database>
    </source>
    <size>
        <width>816</width>
        <height>420</height>
        <depth>3</depth>
    </size>
    <segmented>0</segmented>
    <object>
    <name>black</name>
    <pose>Unspecified</pose>
    <truncated>0</truncated>
    <difficult>0</difficult>
    <bndbox>
        <xmin>780.5706409372846</xmin>
        <ymin>294.8556726907631</ymin>
        <xmax>810.9386629910406</xmax>
        <ymax>329.7151104417671</ymax>
    </bndbox>
</object>
</annotation>
