<annotation verified="yes">
    <folder>Annotation</folder>
    <filename>1122.jpg</filename>
    <path>黑点-PascalVOC-export/Annotations/1122.jpg</path>
    <source>
        <database>Unknown</database>
    </source>
    <size>
        <width>816</width>
        <height>420</height>
        <depth>3</depth>
    </size>
    <segmented>0</segmented>
    <object>
    <name>black</name>
    <pose>Unspecified</pose>
    <truncated>0</truncated>
    <difficult>0</difficult>
    <bndbox>
        <xmin>561.8084079944865</xmin>
        <ymin>159.35366465863453</ymin>
        <xmax>605.1109579600275</xmax>
        <ymax>191.9641064257028</ymax>
    </bndbox>
</object>
</annotation>
