<annotation verified="yes">
    <folder>Annotation</folder>
    <filename>1123.jpg</filename>
    <path>黑点-PascalVOC-export/Annotations/1123.jpg</path>
    <source>
        <database>Unknown</database>
    </source>
    <size>
        <width>816</width>
        <height>420</height>
        <depth>3</depth>
    </size>
    <segmented>0</segmented>
    <object>
    <name>black</name>
    <pose>Unspecified</pose>
    <truncated>0</truncated>
    <difficult>0</difficult>
    <bndbox>
        <xmin>773.2598208132322</xmin>
        <ymin>78.38980923694778</ymin>
        <xmax>815.9999999999999</xmax>
        <ymax>126.74322289156626</ymax>
    </bndbox>
</object>
</annotation>
