<annotation verified="yes">
    <folder>Annotation</folder>
    <filename>1124.jpg</filename>
    <path>黑点-PascalVOC-export/Annotations/1124.jpg</path>
    <source>
        <database>Unknown</database>
    </source>
    <size>
        <width>816</width>
        <height>420</height>
        <depth>3</depth>
    </size>
    <segmented>0</segmented>
    <object>
    <name>black</name>
    <pose>Unspecified</pose>
    <truncated>0</truncated>
    <difficult>0</difficult>
    <bndbox>
        <xmin>0</xmin>
        <ymin>17.104668674698797</ymin>
        <xmax>50.61337008959338</xmax>
        <ymax>62.08458835341365</ymax>
    </bndbox>
</object>
</annotation>
