<annotation verified="yes">
    <folder>Annotation</folder>
    <filename>1125.jpg</filename>
    <path>黑点-PascalVOC-export/Annotations/1125.jpg</path>
    <source>
        <database>Unknown</database>
    </source>
    <size>
        <width>816</width>
        <height>420</height>
        <depth>3</depth>
    </size>
    <segmented>0</segmented>
    <object>
    <name>black</name>
    <pose>Unspecified</pose>
    <truncated>0</truncated>
    <difficult>0</difficult>
    <bndbox>
        <xmin>26.431426602343212</xmin>
        <ymin>229.6347891566265</ymin>
        <xmax>120.3473466574776</xmax>
        <ymax>309.4741465863454</ymax>
    </bndbox>
</object>
</annotation>
