<annotation verified="yes">
    <folder>Annotation</folder>
    <filename>1126.jpg</filename>
    <path>黑点-PascalVOC-export/Annotations/1126.jpg</path>
    <source>
        <database>Unknown</database>
    </source>
    <size>
        <width>816</width>
        <height>420</height>
        <depth>3</depth>
    </size>
    <segmented>0</segmented>
    <object>
    <name>black</name>
    <pose>Unspecified</pose>
    <truncated>0</truncated>
    <difficult>0</difficult>
    <bndbox>
        <xmin>22.49483115093039</xmin>
        <ymin>36.78338353413655</ymin>
        <xmax>78.73190902825637</xmax>
        <ymax>77.82756024096386</ymax>
    </bndbox>
</object>
</annotation>
