<annotation verified="yes">
    <folder>Annotation</folder>
    <filename>1127.jpg</filename>
    <path>黑点-PascalVOC-export/Annotations/1127.jpg</path>
    <source>
        <database>Unknown</database>
    </source>
    <size>
        <width>816</width>
        <height>420</height>
        <depth>3</depth>
    </size>
    <segmented>0</segmented>
    <object>
    <name>black</name>
    <pose>Unspecified</pose>
    <truncated>0</truncated>
    <difficult>0</difficult>
    <bndbox>
        <xmin>82.6685044796692</xmin>
        <ymin>63.20908634538153</ymin>
        <xmax>120.90971743625087</xmax>
        <ymax>90.75928714859438</ymax>
    </bndbox>
</object>
</annotation>
