<annotation verified="yes">
    <folder>Annotation</folder>
    <filename>1128.jpg</filename>
    <path>黑点-PascalVOC-export/Annotations/1128.jpg</path>
    <source>
        <database>Unknown</database>
    </source>
    <size>
        <width>816</width>
        <height>420</height>
        <depth>3</depth>
    </size>
    <segmented>0</segmented>
    <object>
    <name>black</name>
    <pose>Unspecified</pose>
    <truncated>0</truncated>
    <difficult>0</difficult>
    <bndbox>
        <xmin>506.69607167470707</xmin>
        <ymin>217.82756024096386</ymin>
        <xmax>551.1233631977946</xmax>
        <ymax>251.00025100401606</ymax>
    </bndbox>
</object>
</annotation>
