<annotation verified="yes">
    <folder>Annotation</folder>
    <filename>1129.jpg</filename>
    <path>黑点-PascalVOC-export/Annotations/1129.jpg</path>
    <source>
        <database>Unknown</database>
    </source>
    <size>
        <width>816</width>
        <height>420</height>
        <depth>3</depth>
    </size>
    <segmented>0</segmented>
    <object>
    <name>black</name>
    <pose>Unspecified</pose>
    <truncated>0</truncated>
    <difficult>0</difficult>
    <bndbox>
        <xmin>600.0496209510682</xmin>
        <ymin>60.397841365461844</ymin>
        <xmax>663.0351481736733</xmax>
        <ymax>93.57053212851406</ymax>
    </bndbox>
</object>
</annotation>
