<annotation verified="yes">
    <folder>Annotation</folder>
    <filename>1130.jpg</filename>
    <path>黑点-PascalVOC-export/Annotations/1130.jpg</path>
    <source>
        <database>Unknown</database>
    </source>
    <size>
        <width>816</width>
        <height>420</height>
        <depth>3</depth>
    </size>
    <segmented>0</segmented>
    <object>
    <name>black</name>
    <pose>Unspecified</pose>
    <truncated>0</truncated>
    <difficult>0</difficult>
    <bndbox>
        <xmin>131.5947622329428</xmin>
        <ymin>39.03237951807229</ymin>
        <xmax>177.7091660923501</xmax>
        <ymax>73.89181726907631</ymax>
    </bndbox>
</object>
</annotation>
