<annotation verified="yes">
    <folder>Annotation</folder>
    <filename>1131.jpg</filename>
    <path>黑点-PascalVOC-export/Annotations/1131.jpg</path>
    <source>
        <database>Unknown</database>
    </source>
    <size>
        <width>816</width>
        <height>420</height>
        <depth>3</depth>
    </size>
    <segmented>0</segmented>
    <object>
    <name>black</name>
    <pose>Unspecified</pose>
    <truncated>0</truncated>
    <difficult>0</difficult>
    <bndbox>
        <xmin>61.86078566505858</xmin>
        <ymin>137.98820281124497</ymin>
        <xmax>109.0999310820124</xmax>
        <ymax>173.97213855421685</ymax>
    </bndbox>
</object>
</annotation>
