<annotation verified="yes">
    <folder>Annotation</folder>
    <filename>1132.jpg</filename>
    <path>黑点-PascalVOC-export/Annotations/1132.jpg</path>
    <source>
        <database>Unknown</database>
    </source>
    <size>
        <width>816</width>
        <height>420</height>
        <depth>3</depth>
    </size>
    <segmented>0</segmented>
    <object>
    <name>black</name>
    <pose>Unspecified</pose>
    <truncated>0</truncated>
    <difficult>0</difficult>
    <bndbox>
        <xmin>45.55203308063405</xmin>
        <ymin>82.88780120481928</ymin>
        <xmax>79.8566505858029</xmax>
        <ymax>113.2492469879518</ymax>
    </bndbox>
</object>
</annotation>
