<annotation verified="yes">
    <folder>Annotation</folder>
    <filename>1133.jpg</filename>
    <path>黑点-PascalVOC-export/Annotations/1133.jpg</path>
    <source>
        <database>Unknown</database>
    </source>
    <size>
        <width>816</width>
        <height>420</height>
        <depth>3</depth>
    </size>
    <segmented>0</segmented>
    <object>
    <name>black</name>
    <pose>Unspecified</pose>
    <truncated>0</truncated>
    <difficult>0</difficult>
    <bndbox>
        <xmin>421.2157133011716</xmin>
        <ymin>181.28137550200802</ymin>
        <xmax>454.39558924879395</xmax>
        <ymax>234.13278112449797</ymax>
    </bndbox>
</object>
</annotation>
