<annotation verified="yes">
    <folder>Annotation</folder>
    <filename>1135.jpg</filename>
    <path>黑点-PascalVOC-export/Annotations/1135.jpg</path>
    <source>
        <database>Unknown</database>
    </source>
    <size>
        <width>816</width>
        <height>420</height>
        <depth>3</depth>
    </size>
    <segmented>0</segmented>
    <object>
    <name>black</name>
    <pose>Unspecified</pose>
    <truncated>0</truncated>
    <difficult>0</difficult>
    <bndbox>
        <xmin>375.1013094417643</xmin>
        <ymin>162.1649096385542</ymin>
        <xmax>405.4693314955203</xmax>
        <ymax>191.9641064257028</ymax>
    </bndbox>
</object>
</annotation>
