<annotation verified="yes">
    <folder>Annotation</folder>
    <filename>1136.jpg</filename>
    <path>黑点-PascalVOC-export/Annotations/1136.jpg</path>
    <source>
        <database>Unknown</database>
    </source>
    <size>
        <width>816</width>
        <height>420</height>
        <depth>3</depth>
    </size>
    <segmented>0</segmented>
    <object>
    <name>black</name>
    <pose>Unspecified</pose>
    <truncated>0</truncated>
    <difficult>0</difficult>
    <bndbox>
        <xmin>755.8263266712612</xmin>
        <ymin>355.5785642570281</ymin>
        <xmax>785.631977946244</xmax>
        <ymax>385.37776104417674</ymax>
    </bndbox>
</object>
</annotation>
