<annotation verified="yes">
    <folder>Annotation</folder>
    <filename>1137.jpg</filename>
    <path>黑点-PascalVOC-export/Annotations/1137.jpg</path>
    <source>
        <database>Unknown</database>
    </source>
    <size>
        <width>816</width>
        <height>420</height>
        <depth>3</depth>
    </size>
    <segmented>0</segmented>
    <object>
    <name>black</name>
    <pose>Unspecified</pose>
    <truncated>0</truncated>
    <difficult>0</difficult>
    <bndbox>
        <xmin>709.1495520330806</xmin>
        <ymin>111.5625</ymin>
        <xmax>745.1412818745692</xmax>
        <ymax>137.98820281124497</ymax>
    </bndbox>
</object>
</annotation>
