<annotation verified="yes">
    <folder>Annotation</folder>
    <filename>1138.jpg</filename>
    <path>黑点-PascalVOC-export/Annotations/1138.jpg</path>
    <source>
        <database>Unknown</database>
    </source>
    <size>
        <width>816</width>
        <height>420</height>
        <depth>3</depth>
    </size>
    <segmented>0</segmented>
    <object>
    <name>black</name>
    <pose>Unspecified</pose>
    <truncated>0</truncated>
    <difficult>0</difficult>
    <bndbox>
        <xmin>315.49000689179877</xmin>
        <ymin>128.42996987951807</ymin>
        <xmax>363.29152308752583</xmax>
        <ymax>158.22916666666666</ymax>
    </bndbox>
</object>
</annotation>
