<annotation verified="yes">
    <folder>Annotation</folder>
    <filename>1139.jpg</filename>
    <path>黑点-PascalVOC-export/Annotations/1139.jpg</path>
    <source>
        <database>Unknown</database>
    </source>
    <size>
        <width>816</width>
        <height>420</height>
        <depth>3</depth>
    </size>
    <segmented>0</segmented>
    <object>
    <name>black</name>
    <pose>Unspecified</pose>
    <truncated>0</truncated>
    <difficult>0</difficult>
    <bndbox>
        <xmin>498.2605099931082</xmin>
        <ymin>279.1127008032129</ymin>
        <xmax>585.4279807029635</xmax>
        <ymax>338.71109437751005</ymax>
    </bndbox>
</object>
</annotation>
