<annotation verified="yes">
    <folder>Annotation</folder>
    <filename>1140.jpg</filename>
    <path>黑点-PascalVOC-export/Annotations/1140.jpg</path>
    <source>
        <database>Unknown</database>
    </source>
    <size>
        <width>816</width>
        <height>420</height>
        <depth>3</depth>
    </size>
    <segmented>0</segmented>
    <object>
    <name>black</name>
    <pose>Unspecified</pose>
    <truncated>0</truncated>
    <difficult>0</difficult>
    <bndbox>
        <xmin>434.1502412129566</xmin>
        <ymin>202.6468373493976</ymin>
        <xmax>474.64093728463126</xmax>
        <ymax>240.3175200803213</ymax>
    </bndbox>
</object>
</annotation>
