<annotation verified="yes">
    <folder>Annotation</folder>
    <filename>1141.jpg</filename>
    <path>黑点-PascalVOC-export/Annotations/1141.jpg</path>
    <source>
        <database>Unknown</database>
    </source>
    <size>
        <width>816</width>
        <height>420</height>
        <depth>3</depth>
    </size>
    <segmented>0</segmented>
    <object>
    <name>black</name>
    <pose>Unspecified</pose>
    <truncated>0</truncated>
    <difficult>0</difficult>
    <bndbox>
        <xmin>729.394900068918</xmin>
        <ymin>302.72715863453817</ymin>
        <xmax>765.9490006891799</xmax>
        <ymax>333.0886044176707</ymax>
    </bndbox>
</object><object>
    <name>black</name>
    <pose>Unspecified</pose>
    <truncated>0</truncated>
    <difficult>0</difficult>
    <bndbox>
        <xmin>537.6264645072364</xmin>
        <ymin>266.7432228915663</ymin>
        <xmax>564.6202618883528</xmax>
        <ymax>290.91992971887555</ymax>
    </bndbox>
</object>
</annotation>
