<annotation verified="yes">
    <folder>Annotation</folder>
    <filename>1142.jpg</filename>
    <path>黑点-PascalVOC-export/Annotations/1142.jpg</path>
    <source>
        <database>Unknown</database>
    </source>
    <size>
        <width>816</width>
        <height>420</height>
        <depth>3</depth>
    </size>
    <segmented>0</segmented>
    <object>
    <name>black</name>
    <pose>Unspecified</pose>
    <truncated>0</truncated>
    <difficult>0</difficult>
    <bndbox>
        <xmin>441.46106133700897</xmin>
        <ymin>180.48192771084337</ymin>
        <xmax>475.7656788421778</xmax>
        <ymax>212.20507028112445</ymax>
    </bndbox>
</object>
</annotation>
