<annotation verified="yes">
    <folder>Annotation</folder>
    <filename>1143.jpg</filename>
    <path>黑点-PascalVOC-export/Annotations/1143.jpg</path>
    <source>
        <database>Unknown</database>
    </source>
    <size>
        <width>816</width>
        <height>420</height>
        <depth>3</depth>
    </size>
    <segmented>0</segmented>
    <object>
    <name>black</name>
    <pose>Unspecified</pose>
    <truncated>0</truncated>
    <difficult>0</difficult>
    <bndbox>
        <xmin>298.0565127498277</xmin>
        <ymin>271.8034638554217</ymin>
        <xmax>326.7374224672639</xmax>
        <ymax>315.65888554216866</ymax>
    </bndbox>
</object>
</annotation>
