<annotation verified="yes">
    <folder>Annotation</folder>
    <filename>1144.jpg</filename>
    <path>黑点-PascalVOC-export/Annotations/1144.jpg</path>
    <source>
        <database>Unknown</database>
    </source>
    <size>
        <width>816</width>
        <height>420</height>
        <depth>3</depth>
    </size>
    <segmented>0</segmented>
    <object>
    <name>black</name>
    <pose>Unspecified</pose>
    <truncated>0</truncated>
    <difficult>0</difficult>
    <bndbox>
        <xmin>206.9524465885596</xmin>
        <ymin>134.05245983935743</ymin>
        <xmax>259.2529290144728</xmax>
        <ymax>168.91189759036143</ymax>
    </bndbox>
</object>
</annotation>
