<annotation verified="yes">
    <folder>Annotation</folder>
    <filename>1145.jpg</filename>
    <path>黑点-PascalVOC-export/Annotations/1145.jpg</path>
    <source>
        <database>Unknown</database>
    </source>
    <size>
        <width>816</width>
        <height>420</height>
        <depth>3</depth>
    </size>
    <segmented>0</segmented>
    <object>
    <name>black</name>
    <pose>Unspecified</pose>
    <truncated>0</truncated>
    <difficult>0</difficult>
    <bndbox>
        <xmin>519.630599586492</xmin>
        <ymin>108.75125502008032</ymin>
        <xmax>549.9986216402481</xmax>
        <ymax>136.8637048192771</ymax>
    </bndbox>
</object>
</annotation>
