<annotation verified="yes">
    <folder>Annotation</folder>
    <filename>1146.jpg</filename>
    <path>黑点-PascalVOC-export/Annotations/1146.jpg</path>
    <source>
        <database>Unknown</database>
    </source>
    <size>
        <width>816</width>
        <height>420</height>
        <depth>3</depth>
    </size>
    <segmented>0</segmented>
    <object>
    <name>black</name>
    <pose>Unspecified</pose>
    <truncated>0</truncated>
    <difficult>0</difficult>
    <bndbox>
        <xmin>182.2081323225362</xmin>
        <ymin>290.3576807228916</ymin>
        <xmax>224.38594073053068</xmax>
        <ymax>321.843624497992</ymax>
    </bndbox>
</object>
</annotation>
