<annotation verified="yes">
    <folder>Annotation</folder>
    <filename>1147.jpg</filename>
    <path>黑点-PascalVOC-export/Annotations/1147.jpg</path>
    <source>
        <database>Unknown</database>
    </source>
    <size>
        <width>816</width>
        <height>420</height>
        <depth>3</depth>
    </size>
    <segmented>0</segmented>
    <object>
    <name>black</name>
    <pose>Unspecified</pose>
    <truncated>0</truncated>
    <difficult>0</difficult>
    <bndbox>
        <xmin>321.6760854583046</xmin>
        <ymin>49.15286144578313</ymin>
        <xmax>366.10337698139216</xmax>
        <ymax>90.19703815261045</ymax>
    </bndbox>
</object>
</annotation>
