<annotation verified="yes">
    <folder>Annotation</folder>
    <filename>1148.jpg</filename>
    <path>黑点-PascalVOC-export/Annotations/1148.jpg</path>
    <source>
        <database>Unknown</database>
    </source>
    <size>
        <width>816</width>
        <height>420</height>
        <depth>3</depth>
    </size>
    <segmented>0</segmented>
    <object>
    <name>black</name>
    <pose>Unspecified</pose>
    <truncated>0</truncated>
    <difficult>0</difficult>
    <bndbox>
        <xmin>2.249483115093039</xmin>
        <ymin>301.6026606425703</ymin>
        <xmax>32.05513439007581</xmax>
        <ymax>338.71109437751005</ymax>
    </bndbox>
</object>
</annotation>
