<annotation verified="yes">
    <folder>Annotation</folder>
    <filename>1149.jpg</filename>
    <path>黑点-PascalVOC-export/Annotations/1149.jpg</path>
    <source>
        <database>Unknown</database>
    </source>
    <size>
        <width>816</width>
        <height>420</height>
        <depth>3</depth>
    </size>
    <segmented>0</segmented>
    <object>
    <name>black</name>
    <pose>Unspecified</pose>
    <truncated>0</truncated>
    <difficult>0</difficult>
    <bndbox>
        <xmin>19.120606478290835</xmin>
        <ymin>262.8074799196787</ymin>
        <xmax>89.97932460372158</xmax>
        <ymax>310.0363955823293</ymax>
    </bndbox>
</object>
</annotation>
