<annotation verified="yes">
    <folder>Annotation</folder>
    <filename>1151.jpg</filename>
    <path>黑点-PascalVOC-export/Annotations/1151.jpg</path>
    <source>
        <database>Unknown</database>
    </source>
    <size>
        <width>816</width>
        <height>420</height>
        <depth>3</depth>
    </size>
    <segmented>0</segmented>
    <object>
    <name>black</name>
    <pose>Unspecified</pose>
    <truncated>0</truncated>
    <difficult>0</difficult>
    <bndbox>
        <xmin>0</xmin>
        <ymin>109.31350401606426</ymin>
        <xmax>37.11647139903515</xmax>
        <ymax>147.54643574297188</ymax>
    </bndbox>
</object>
</annotation>
