<annotation verified="yes">
    <folder>Annotation</folder>
    <filename>1152.jpg</filename>
    <path>黑点-PascalVOC-export/Annotations/1152.jpg</path>
    <source>
        <database>Unknown</database>
    </source>
    <size>
        <width>816</width>
        <height>420</height>
        <depth>3</depth>
    </size>
    <segmented>0</segmented>
    <object>
    <name>black</name>
    <pose>Unspecified</pose>
    <truncated>0</truncated>
    <difficult>0</difficult>
    <bndbox>
        <xmin>21.370089593383874</xmin>
        <ymin>205.45808232931728</ymin>
        <xmax>73.67057201929703</xmax>
        <ymax>258.8717369477912</ymax>
    </bndbox>
</object>
</annotation>
