<annotation verified="yes">
    <folder>Annotation</folder>
    <filename>1153.jpg</filename>
    <path>黑点-PascalVOC-export/Annotations/1153.jpg</path>
    <source>
        <database>Unknown</database>
    </source>
    <size>
        <width>816</width>
        <height>420</height>
        <depth>3</depth>
    </size>
    <segmented>0</segmented>
    <object>
    <name>black</name>
    <pose>Unspecified</pose>
    <truncated>0</truncated>
    <difficult>0</difficult>
    <bndbox>
        <xmin>396.4713990351482</xmin>
        <ymin>216.14081325301206</ymin>
        <xmax>440.3363197794624</xmax>
        <ymax>257.7472389558233</ymax>
    </bndbox>
</object>
</annotation>
