<annotation verified="yes">
    <folder>Annotation</folder>
    <filename>1154.jpg</filename>
    <path>黑点-PascalVOC-export/Annotations/1154.jpg</path>
    <source>
        <database>Unknown</database>
    </source>
    <size>
        <width>816</width>
        <height>420</height>
        <depth>3</depth>
    </size>
    <segmented>0</segmented>
    <object>
    <name>black</name>
    <pose>Unspecified</pose>
    <truncated>0</truncated>
    <difficult>0</difficult>
    <bndbox>
        <xmin>208.07718814610612</xmin>
        <ymin>249.31350401606426</ymin>
        <xmax>261.5024121295658</xmax>
        <ymax>288.10868473895584</ymax>
    </bndbox>
</object>
</annotation>
