<annotation verified="yes">
    <folder>Annotation</folder>
    <filename>1155.jpg</filename>
    <path>黑点-PascalVOC-export/Annotations/1155.jpg</path>
    <source>
        <database>Unknown</database>
    </source>
    <size>
        <width>816</width>
        <height>420</height>
        <depth>3</depth>
    </size>
    <segmented>0</segmented>
    <object>
    <name>black</name>
    <pose>Unspecified</pose>
    <truncated>0</truncated>
    <difficult>0</difficult>
    <bndbox>
        <xmin>619.7325982081323</xmin>
        <ymin>261.12073293172693</ymin>
        <xmax>661.9104066161268</xmax>
        <ymax>303.28940763052213</ymax>
    </bndbox>
</object>
</annotation>
