<annotation verified="yes">
    <folder>Annotation</folder>
    <filename>1156.jpg</filename>
    <path>黑点-PascalVOC-export/Annotations/1156.jpg</path>
    <source>
        <database>Unknown</database>
    </source>
    <size>
        <width>816</width>
        <height>420</height>
        <depth>3</depth>
    </size>
    <segmented>0</segmented>
    <object>
    <name>black</name>
    <pose>Unspecified</pose>
    <truncated>0</truncated>
    <difficult>0</difficult>
    <bndbox>
        <xmin>26.993797381116472</xmin>
        <ymin>338.1488453815261</ymin>
        <xmax>75.92005513439008</xmax>
        <ymax>379.1930220883534</ymax>
    </bndbox>
</object>
</annotation>
