<annotation verified="yes">
    <folder>Annotation</folder>
    <filename>1157.jpg</filename>
    <path>黑点-PascalVOC-export/Annotations/1157.jpg</path>
    <source>
        <database>Unknown</database>
    </source>
    <size>
        <width>816</width>
        <height>420</height>
        <depth>3</depth>
    </size>
    <segmented>0</segmented>
    <object>
    <name>black</name>
    <pose>Unspecified</pose>
    <truncated>0</truncated>
    <difficult>0</difficult>
    <bndbox>
        <xmin>215.3880082701585</xmin>
        <ymin>194.7753514056225</ymin>
        <xmax>257.00344589937976</xmax>
        <ymax>233.00828313253012</ymax>
    </bndbox>
</object>
</annotation>
