<annotation verified="yes">
    <folder>Annotation</folder>
    <filename>1158.jpg</filename>
    <path>黑点-PascalVOC-export/Annotations/1158.jpg</path>
    <source>
        <database>Unknown</database>
    </source>
    <size>
        <width>816</width>
        <height>420</height>
        <depth>3</depth>
    </size>
    <segmented>0</segmented>
    <object>
    <name>black</name>
    <pose>Unspecified</pose>
    <truncated>0</truncated>
    <difficult>0</difficult>
    <bndbox>
        <xmin>566.3073742246726</xmin>
        <ymin>195.33760040160644</ymin>
        <xmax>618.0454858718125</xmax>
        <ymax>236.38177710843374</ymax>
    </bndbox>
</object>
</annotation>
