<annotation verified="yes">
    <folder>Annotation</folder>
    <filename>1159.jpg</filename>
    <path>黑点-PascalVOC-export/Annotations/1159.jpg</path>
    <source>
        <database>Unknown</database>
    </source>
    <size>
        <width>816</width>
        <height>420</height>
        <depth>3</depth>
    </size>
    <segmented>0</segmented>
    <object>
    <name>black</name>
    <pose>Unspecified</pose>
    <truncated>0</truncated>
    <difficult>0</difficult>
    <bndbox>
        <xmin>77.0447966919366</xmin>
        <ymin>177.34563253012047</ymin>
        <xmax>117.5354927636113</xmax>
        <ymax>220.07655622489958</ymax>
    </bndbox>
</object>
</annotation>
