<annotation verified="yes">
    <folder>Annotation</folder>
    <filename>1161.jpg</filename>
    <path>黑点-PascalVOC-export/Annotations/1161.jpg</path>
    <source>
        <database>Unknown</database>
    </source>
    <size>
        <width>816</width>
        <height>420</height>
        <depth>3</depth>
    </size>
    <segmented>0</segmented>
    <object>
    <name>black</name>
    <pose>Unspecified</pose>
    <truncated>0</truncated>
    <difficult>0</difficult>
    <bndbox>
        <xmin>619.1702274293591</xmin>
        <ymin>322.4058734939759</ymin>
        <xmax>658.5361819434872</xmax>
        <ymax>355.5785642570281</ymax>
    </bndbox>
</object><object>
    <name>black</name>
    <pose>Unspecified</pose>
    <truncated>0</truncated>
    <difficult>0</difficult>
    <bndbox>
        <xmin>254.19159200551343</xmin>
        <ymin>340.9600903614458</ymin>
        <xmax>290.18332184700205</xmax>
        <ymax>375.2572791164659</ymax>
    </bndbox>
</object>
</annotation>
