<annotation verified="yes">
    <folder>Annotation</folder>
    <filename>1162.jpg</filename>
    <path>黑点-PascalVOC-export/Annotations/1162.jpg</path>
    <source>
        <database>Unknown</database>
    </source>
    <size>
        <width>816</width>
        <height>420</height>
        <depth>3</depth>
    </size>
    <segmented>0</segmented>
    <object>
    <name>black</name>
    <pose>Unspecified</pose>
    <truncated>0</truncated>
    <difficult>0</difficult>
    <bndbox>
        <xmin>749.0778773259821</xmin>
        <ymin>183.53037148594376</ymin>
        <xmax>785.631977946244</xmax>
        <ymax>220.07655622489958</ymax>
    </bndbox>
</object>
</annotation>
