<annotation verified="yes">
    <folder>Annotation</folder>
    <filename>1163.jpg</filename>
    <path>黑点-PascalVOC-export/Annotations/1163.jpg</path>
    <source>
        <database>Unknown</database>
    </source>
    <size>
        <width>816</width>
        <height>420</height>
        <depth>3</depth>
    </size>
    <segmented>0</segmented>
    <object>
    <name>black</name>
    <pose>Unspecified</pose>
    <truncated>0</truncated>
    <difficult>0</difficult>
    <bndbox>
        <xmin>727.7077877325981</xmin>
        <ymin>45.21711847389558</ymin>
        <xmax>764.8242591316333</xmax>
        <ymax>85.69904618473896</ymax>
    </bndbox>
</object>
</annotation>
