<annotation verified="yes">
    <folder>Annotation</folder>
    <filename>1164.jpg</filename>
    <path>黑点-PascalVOC-export/Annotations/1164.jpg</path>
    <source>
        <database>Unknown</database>
    </source>
    <size>
        <width>816</width>
        <height>420</height>
        <depth>3</depth>
    </size>
    <segmented>0</segmented>
    <object>
    <name>black</name>
    <pose>Unspecified</pose>
    <truncated>0</truncated>
    <difficult>0</difficult>
    <bndbox>
        <xmin>494.3239145416954</xmin>
        <ymin>329.7151104417671</ymin>
        <xmax>532.0027567195039</xmax>
        <ymax>362.8878012048193</ymax>
    </bndbox>
</object>
</annotation>
