<annotation verified="yes">
    <folder>Annotation</folder>
    <filename>1165.jpg</filename>
    <path>黑点-PascalVOC-export/Annotations/1165.jpg</path>
    <source>
        <database>Unknown</database>
    </source>
    <size>
        <width>816</width>
        <height>420</height>
        <depth>3</depth>
    </size>
    <segmented>0</segmented>
    <object>
    <name>black</name>
    <pose>Unspecified</pose>
    <truncated>0</truncated>
    <difficult>0</difficult>
    <bndbox>
        <xmin>629.2929014472777</xmin>
        <ymin>193.65085341365463</ymin>
        <xmax>742.8917987594762</xmax>
        <ymax>301.6026606425703</ymax>
    </bndbox>
</object>
</annotation>
