<annotation verified="yes">
    <folder>Annotation</folder>
    <filename>1166.jpg</filename>
    <path>黑点-PascalVOC-export/Annotations/1166.jpg</path>
    <source>
        <database>Unknown</database>
    </source>
    <size>
        <width>816</width>
        <height>420</height>
        <depth>3</depth>
    </size>
    <segmented>0</segmented>
    <object>
    <name>black</name>
    <pose>Unspecified</pose>
    <truncated>0</truncated>
    <difficult>0</difficult>
    <bndbox>
        <xmin>564.6202618883528</xmin>
        <ymin>185.7793674698795</ymin>
        <xmax>620.8573397656788</xmax>
        <ymax>223.4500502008032</ymax>
    </bndbox>
</object>
</annotation>
