<annotation verified="yes">
    <folder>Annotation</folder>
    <filename>1167.jpg</filename>
    <path>黑点-PascalVOC-export/Annotations/1167.jpg</path>
    <source>
        <database>Unknown</database>
    </source>
    <size>
        <width>816</width>
        <height>420</height>
        <depth>3</depth>
    </size>
    <segmented>0</segmented>
    <object>
    <name>black</name>
    <pose>Unspecified</pose>
    <truncated>0</truncated>
    <difficult>0</difficult>
    <bndbox>
        <xmin>84.91798759476222</xmin>
        <ymin>68.83157630522088</ymin>
        <xmax>114.16126809097173</xmax>
        <ymax>99.19302208835342</ymax>
    </bndbox>
</object>
</annotation>
