<annotation verified="yes">
    <folder>Annotation</folder>
    <filename>1168.jpg</filename>
    <path>黑点-PascalVOC-export/Annotations/1168.jpg</path>
    <source>
        <database>Unknown</database>
    </source>
    <size>
        <width>816</width>
        <height>420</height>
        <depth>3</depth>
    </size>
    <segmented>0</segmented>
    <object>
    <name>black</name>
    <pose>Unspecified</pose>
    <truncated>0</truncated>
    <difficult>0</difficult>
    <bndbox>
        <xmin>146.7787732598208</xmin>
        <ymin>323.53037148594376</ymin>
        <xmax>205.26533425223982</xmax>
        <ymax>356.140813253012</ymax>
    </bndbox>
</object>
</annotation>
