<annotation verified="yes">
    <folder>Annotation</folder>
    <filename>1169.jpg</filename>
    <path>黑点-PascalVOC-export/Annotations/1169.jpg</path>
    <source>
        <database>Unknown</database>
    </source>
    <size>
        <width>816</width>
        <height>420</height>
        <depth>3</depth>
    </size>
    <segmented>0</segmented>
    <object>
    <name>black</name>
    <pose>Unspecified</pose>
    <truncated>0</truncated>
    <difficult>0</difficult>
    <bndbox>
        <xmin>140.0303239145417</xmin>
        <ymin>209.39382530120483</ymin>
        <xmax>190.0813232253618</xmax>
        <ymax>247.62675702811245</ymax>
    </bndbox>
</object>
</annotation>
