<annotation verified="yes">
    <folder>Annotation</folder>
    <filename>1170.jpg</filename>
    <path>黑点-PascalVOC-export/Annotations/1170.jpg</path>
    <source>
        <database>Unknown</database>
    </source>
    <size>
        <width>816</width>
        <height>420</height>
        <depth>3</depth>
    </size>
    <segmented>0</segmented>
    <object>
    <name>black</name>
    <pose>Unspecified</pose>
    <truncated>0</truncated>
    <difficult>0</difficult>
    <bndbox>
        <xmin>322.23845623707786</xmin>
        <ymin>239.19302208835342</ymin>
        <xmax>360.4796691936595</xmax>
        <ymax>277.42595381526104</ymax>
    </bndbox>
</object>
</annotation>
