<annotation verified="yes">
    <folder>Annotation</folder>
    <filename>1172.jpg</filename>
    <path>黑点-PascalVOC-export/Annotations/1172.jpg</path>
    <source>
        <database>Unknown</database>
    </source>
    <size>
        <width>816</width>
        <height>420</height>
        <depth>3</depth>
    </size>
    <segmented>0</segmented>
    <object>
    <name>black</name>
    <pose>Unspecified</pose>
    <truncated>0</truncated>
    <difficult>0</difficult>
    <bndbox>
        <xmin>787.881461061337</xmin>
        <ymin>242.56651606425703</ymin>
        <xmax>812.0634045485871</xmax>
        <ymax>273.4902108433735</ymax>
    </bndbox>
</object>
</annotation>
