<annotation verified="yes">
    <folder>Annotation</folder>
    <filename>1174.jpg</filename>
    <path>黑点-PascalVOC-export/Annotations/1174.jpg</path>
    <source>
        <database>Unknown</database>
    </source>
    <size>
        <width>816</width>
        <height>420</height>
        <depth>3</depth>
    </size>
    <segmented>0</segmented>
    <object>
    <name>black</name>
    <pose>Unspecified</pose>
    <truncated>0</truncated>
    <difficult>0</difficult>
    <bndbox>
        <xmin>135.5313576843556</xmin>
        <ymin>49.71511044176707</ymin>
        <xmax>179.95864920744313</xmax>
        <ymax>89.07254016064257</ymax>
    </bndbox>
</object>
</annotation>
