<annotation verified="yes">
    <folder>Annotation</folder>
    <filename>1175.jpg</filename>
    <path>黑点-PascalVOC-export/Annotations/1175.jpg</path>
    <source>
        <database>Unknown</database>
    </source>
    <size>
        <width>816</width>
        <height>420</height>
        <depth>3</depth>
    </size>
    <segmented>0</segmented>
    <object>
    <name>black</name>
    <pose>Unspecified</pose>
    <truncated>0</truncated>
    <difficult>0</difficult>
    <bndbox>
        <xmin>361.0420399724328</xmin>
        <ymin>235.8195281124498</ymin>
        <xmax>395.9090282563749</xmax>
        <ymax>272.92796184738955</ymax>
    </bndbox>
</object>
</annotation>
