<annotation verified="yes">
    <folder>Annotation</folder>
    <filename>1176.jpg</filename>
    <path>黑点-PascalVOC-export/Annotations/1176.jpg</path>
    <source>
        <database>Unknown</database>
    </source>
    <size>
        <width>816</width>
        <height>420</height>
        <depth>3</depth>
    </size>
    <segmented>0</segmented>
    <object>
    <name>black</name>
    <pose>Unspecified</pose>
    <truncated>0</truncated>
    <difficult>0</difficult>
    <bndbox>
        <xmin>449.89662301860784</xmin>
        <ymin>324.0926204819277</ymin>
        <xmax>612.9841488628532</xmax>
        <ymax>412.36571285140565</ymax>
    </bndbox>
</object>
</annotation>
