<annotation verified="yes">
    <folder>Annotation</folder>
    <filename>1177.jpg</filename>
    <path>黑点-PascalVOC-export/Annotations/1177.jpg</path>
    <source>
        <database>Unknown</database>
    </source>
    <size>
        <width>816</width>
        <height>420</height>
        <depth>3</depth>
    </size>
    <segmented>0</segmented>
    <object>
    <name>black</name>
    <pose>Unspecified</pose>
    <truncated>0</truncated>
    <difficult>0</difficult>
    <bndbox>
        <xmin>429.6512749827705</xmin>
        <ymin>321.281375502008</ymin>
        <xmax>475.2033080634045</xmax>
        <ymax>359.51430722891564</ymax>
    </bndbox>
</object>
</annotation>
