<annotation verified="yes">
    <folder>Annotation</folder>
    <filename>1178.jpg</filename>
    <path>黑点-PascalVOC-export/Annotations/1178.jpg</path>
    <source>
        <database>Unknown</database>
    </source>
    <size>
        <width>816</width>
        <height>420</height>
        <depth>3</depth>
    </size>
    <segmented>0</segmented>
    <object>
    <name>black</name>
    <pose>Unspecified</pose>
    <truncated>0</truncated>
    <difficult>0</difficult>
    <bndbox>
        <xmin>39.365954514128184</xmin>
        <ymin>252.68699799196787</ymin>
        <xmax>120.3473466574776</xmax>
        <ymax>302.1649096385542</ymax>
    </bndbox>
</object>
</annotation>
