<annotation verified="yes">
    <folder>Annotation</folder>
    <filename>1179.jpg</filename>
    <path>黑点-PascalVOC-export/Annotations/1179.jpg</path>
    <source>
        <database>Unknown</database>
    </source>
    <size>
        <width>816</width>
        <height>420</height>
        <depth>3</depth>
    </size>
    <segmented>0</segmented>
    <object>
    <name>black</name>
    <pose>Unspecified</pose>
    <truncated>0</truncated>
    <difficult>0</difficult>
    <bndbox>
        <xmin>298.618883528601</xmin>
        <ymin>66.0203313253012</ymin>
        <xmax>344.7332873880083</xmax>
        <ymax>112.12474899598394</ymax>
    </bndbox>
</object>
</annotation>
