<annotation verified="yes">
    <folder>Annotation</folder>
    <filename>1180.jpg</filename>
    <path>黑点-PascalVOC-export/Annotations/1180.jpg</path>
    <source>
        <database>Unknown</database>
    </source>
    <size>
        <width>816</width>
        <height>420</height>
        <depth>3</depth>
    </size>
    <segmented>0</segmented>
    <object>
    <name>black</name>
    <pose>Unspecified</pose>
    <truncated>0</truncated>
    <difficult>0</difficult>
    <bndbox>
        <xmin>498.82288077188144</xmin>
        <ymin>177.34563253012047</ymin>
        <xmax>538.7512060647829</xmax>
        <ymax>231.32153614457832</ymax>
    </bndbox>
</object>
</annotation>
