<annotation verified="yes">
    <folder>Annotation</folder>
    <filename>1181.jpg</filename>
    <path>黑点-PascalVOC-export/Annotations/1181.jpg</path>
    <source>
        <database>Unknown</database>
    </source>
    <size>
        <width>816</width>
        <height>420</height>
        <depth>3</depth>
    </size>
    <segmented>0</segmented>
    <object>
    <name>black</name>
    <pose>Unspecified</pose>
    <truncated>0</truncated>
    <difficult>0</difficult>
    <bndbox>
        <xmin>408.2811853893866</xmin>
        <ymin>342.6468373493976</ymin>
        <xmax>447.6471399035148</xmax>
        <ymax>369.0725401606426</ymax>
    </bndbox>
</object>
</annotation>
