<annotation verified="yes">
    <folder>Annotation</folder>
    <filename>1182.jpg</filename>
    <path>黑点-PascalVOC-export/Annotations/1182.jpg</path>
    <source>
        <database>Unknown</database>
    </source>
    <size>
        <width>816</width>
        <height>420</height>
        <depth>3</depth>
    </size>
    <segmented>0</segmented>
    <object>
    <name>black</name>
    <pose>Unspecified</pose>
    <truncated>0</truncated>
    <difficult>0</difficult>
    <bndbox>
        <xmin>493.19917298414884</xmin>
        <ymin>277.42595381526104</ymin>
        <xmax>551.1233631977946</xmax>
        <ymax>325.7793674698795</ymax>
    </bndbox>
</object>
</annotation>
