<annotation verified="yes">
    <folder>Annotation</folder>
    <filename>1183.jpg</filename>
    <path>黑点-PascalVOC-export/Annotations/1183.jpg</path>
    <source>
        <database>Unknown</database>
    </source>
    <size>
        <width>816</width>
        <height>420</height>
        <depth>3</depth>
    </size>
    <segmented>0</segmented>
    <object>
    <name>black</name>
    <pose>Unspecified</pose>
    <truncated>0</truncated>
    <difficult>0</difficult>
    <bndbox>
        <xmin>180.5210199862164</xmin>
        <ymin>286.984186746988</ymin>
        <xmax>237.32046864231563</xmax>
        <ymax>335.33760040160644</ymax>
    </bndbox>
</object><object>
    <name>black</name>
    <pose>Unspecified</pose>
    <truncated>0</truncated>
    <difficult>0</difficult>
    <bndbox>
        <xmin>596.6753962784287</xmin>
        <ymin>225.69904618473896</ymin>
        <xmax>635.4789800137836</xmax>
        <ymax>257.18498995983936</ymax>
    </bndbox>
</object>
</annotation>
