<annotation verified="yes">
    <folder>Annotation</folder>
    <filename>1184.jpg</filename>
    <path>黑点-PascalVOC-export/Annotations/1184.jpg</path>
    <source>
        <database>Unknown</database>
    </source>
    <size>
        <width>816</width>
        <height>420</height>
        <depth>3</depth>
    </size>
    <segmented>0</segmented>
    <object>
    <name>black</name>
    <pose>Unspecified</pose>
    <truncated>0</truncated>
    <difficult>0</difficult>
    <bndbox>
        <xmin>773.8221915920055</xmin>
        <ymin>297.6669176706827</ymin>
        <xmax>812.6257753273604</xmax>
        <ymax>340.9600903614458</ymax>
    </bndbox>
</object>
</annotation>
