<annotation verified="yes">
    <folder>Annotation</folder>
    <filename>1185.jpg</filename>
    <path>黑点-PascalVOC-export/Annotations/1185.jpg</path>
    <source>
        <database>Unknown</database>
    </source>
    <size>
        <width>816</width>
        <height>420</height>
        <depth>3</depth>
    </size>
    <segmented>0</segmented>
    <object>
    <name>black</name>
    <pose>Unspecified</pose>
    <truncated>0</truncated>
    <difficult>0</difficult>
    <bndbox>
        <xmin>620.8573397656788</xmin>
        <ymin>64.89583333333333</ymin>
        <xmax>662.4727773949</xmax>
        <ymax>108.75125502008032</ymax>
    </bndbox>
</object>
</annotation>
