<annotation verified="yes">
    <folder>Annotation</folder>
    <filename>1186.jpg</filename>
    <path>黑点-PascalVOC-export/Annotations/1186.jpg</path>
    <source>
        <database>Unknown</database>
    </source>
    <size>
        <width>816</width>
        <height>420</height>
        <depth>3</depth>
    </size>
    <segmented>0</segmented>
    <object>
    <name>black</name>
    <pose>Unspecified</pose>
    <truncated>0</truncated>
    <difficult>0</difficult>
    <bndbox>
        <xmin>0</xmin>
        <ymin>76.70306224899598</ymin>
        <xmax>41.05306685044797</xmax>
        <ymax>127.86772088353413</ymax>
    </bndbox>
</object>
</annotation>
