<annotation verified="yes">
    <folder>Annotation</folder>
    <filename>1187.jpg</filename>
    <path>黑点-PascalVOC-export/Annotations/1187.jpg</path>
    <source>
        <database>Unknown</database>
    </source>
    <size>
        <width>816</width>
        <height>420</height>
        <depth>3</depth>
    </size>
    <segmented>0</segmented>
    <object>
    <name>black</name>
    <pose>Unspecified</pose>
    <truncated>0</truncated>
    <difficult>0</difficult>
    <bndbox>
        <xmin>367.7904893177119</xmin>
        <ymin>304.9761546184739</ymin>
        <xmax>435.2749827705031</xmax>
        <ymax>351.08057228915663</ymax>
    </bndbox>
</object>
</annotation>
