<annotation verified="yes">
    <folder>Annotation</folder>
    <filename>1189.jpg</filename>
    <path>黑点-PascalVOC-export/Annotations/1189.jpg</path>
    <source>
        <database>Unknown</database>
    </source>
    <size>
        <width>816</width>
        <height>420</height>
        <depth>3</depth>
    </size>
    <segmented>0</segmented>
    <object>
    <name>black</name>
    <pose>Unspecified</pose>
    <truncated>0</truncated>
    <difficult>0</difficult>
    <bndbox>
        <xmin>578.6795313576844</xmin>
        <ymin>291.48217871485946</ymin>
        <xmax>628.7305306685045</xmax>
        <ymax>337.5865963855422</ymax>
    </bndbox>
</object><object>
    <name>black</name>
    <pose>Unspecified</pose>
    <truncated>0</truncated>
    <difficult>0</difficult>
    <bndbox>
        <xmin>182.77050310130943</xmin>
        <ymin>231.88378514056225</ymin>
        <xmax>217.07512060647827</xmax>
        <ymax>261.68298192771084</ymax>
    </bndbox>
</object>
</annotation>
