<annotation verified="yes">
    <folder>Annotation</folder>
    <filename>1190.jpg</filename>
    <path>黑点-PascalVOC-export/Annotations/1190.jpg</path>
    <source>
        <database>Unknown</database>
    </source>
    <size>
        <width>816</width>
        <height>420</height>
        <depth>3</depth>
    </size>
    <segmented>0</segmented>
    <object>
    <name>black</name>
    <pose>Unspecified</pose>
    <truncated>0</truncated>
    <difficult>0</difficult>
    <bndbox>
        <xmin>318.30186078566504</xmin>
        <ymin>366.82354417670683</ymin>
        <xmax>364.4162646450724</xmax>
        <ymax>394.3737449799197</ymax>
    </bndbox>
</object>
</annotation>
