<annotation verified="yes">
    <folder>Annotation</folder>
    <filename>1191.jpg</filename>
    <path>黑点-PascalVOC-export/Annotations/1191.jpg</path>
    <source>
        <database>Unknown</database>
    </source>
    <size>
        <width>816</width>
        <height>420</height>
        <depth>3</depth>
    </size>
    <segmented>0</segmented>
    <object>
    <name>black</name>
    <pose>Unspecified</pose>
    <truncated>0</truncated>
    <difficult>0</difficult>
    <bndbox>
        <xmin>773.8221915920055</xmin>
        <ymin>80.0765562248996</ymin>
        <xmax>814.3128876636803</xmax>
        <ymax>120.55848393574297</ymax>
    </bndbox>
</object>
</annotation>
