<annotation verified="yes">
    <folder>Annotation</folder>
    <filename>1192.jpg</filename>
    <path>黑点-PascalVOC-export/Annotations/1192.jpg</path>
    <source>
        <database>Unknown</database>
    </source>
    <size>
        <width>816</width>
        <height>420</height>
        <depth>3</depth>
    </size>
    <segmented>0</segmented>
    <object>
    <name>black</name>
    <pose>Unspecified</pose>
    <truncated>0</truncated>
    <difficult>0</difficult>
    <bndbox>
        <xmin>401.5327360441075</xmin>
        <ymin>164.41390562248995</ymin>
        <xmax>438.64920744314264</xmax>
        <ymax>197.02434738955822</ymax>
    </bndbox>
</object><object>
    <name>black</name>
    <pose>Unspecified</pose>
    <truncated>0</truncated>
    <difficult>0</difficult>
    <bndbox>
        <xmin>713.0861474844934</xmin>
        <ymin>164.41390562248995</ymin>
        <xmax>753.0144727773949</xmax>
        <ymax>197.58659638554215</ymax>
    </bndbox>
</object>
</annotation>
