<annotation verified="yes">
    <folder>Annotation</folder>
    <filename>1193.jpg</filename>
    <path>黑点-PascalVOC-export/Annotations/1193.jpg</path>
    <source>
        <database>Unknown</database>
    </source>
    <size>
        <width>816</width>
        <height>420</height>
        <depth>3</depth>
    </size>
    <segmented>0</segmented>
    <object>
    <name>black</name>
    <pose>Unspecified</pose>
    <truncated>0</truncated>
    <difficult>0</difficult>
    <bndbox>
        <xmin>228.3225361819435</xmin>
        <ymin>328.02836345381525</ymin>
        <xmax>270.500344589938</xmax>
        <ymax>369.6347891566265</ymax>
    </bndbox>
</object>
</annotation>
