<annotation verified="yes">
    <folder>Annotation</folder>
    <filename>1194.jpg</filename>
    <path>黑点-PascalVOC-export/Annotations/1194.jpg</path>
    <source>
        <database>Unknown</database>
    </source>
    <size>
        <width>816</width>
        <height>420</height>
        <depth>3</depth>
    </size>
    <segmented>0</segmented>
    <object>
    <name>black</name>
    <pose>Unspecified</pose>
    <truncated>0</truncated>
    <difficult>0</difficult>
    <bndbox>
        <xmin>426.27705031013096</xmin>
        <ymin>57.02434738955823</ymin>
        <xmax>472.95382494831154</xmax>
        <ymax>93.57053212851406</ymax>
    </bndbox>
</object>
</annotation>
