<annotation verified="yes">
    <folder>Annotation</folder>
    <filename>1195.jpg</filename>
    <path>黑点-PascalVOC-export/Annotations/1195.jpg</path>
    <source>
        <database>Unknown</database>
    </source>
    <size>
        <width>816</width>
        <height>420</height>
        <depth>3</depth>
    </size>
    <segmented>0</segmented>
    <object>
    <name>black</name>
    <pose>Unspecified</pose>
    <truncated>0</truncated>
    <difficult>0</difficult>
    <bndbox>
        <xmin>79.29427980702964</xmin>
        <ymin>124.49422690763052</ymin>
        <xmax>115.28600964851827</xmax>
        <ymax>157.66691767068272</ymax>
    </bndbox>
</object>
</annotation>
