<annotation verified="yes">
    <folder>Annotation</folder>
    <filename>1196.jpg</filename>
    <path>黑点-PascalVOC-export/Annotations/1196.jpg</path>
    <source>
        <database>Unknown</database>
    </source>
    <size>
        <width>816</width>
        <height>420</height>
        <depth>3</depth>
    </size>
    <segmented>0</segmented>
    <object>
    <name>black</name>
    <pose>Unspecified</pose>
    <truncated>0</truncated>
    <difficult>0</difficult>
    <bndbox>
        <xmin>206.39007580978634</xmin>
        <ymin>119.99623493975903</ymin>
        <xmax>244.06891798759474</xmax>
        <ymax>152.04442771084337</ymax>
    </bndbox>
</object>
</annotation>
