<annotation verified="yes">
    <folder>Annotation</folder>
    <filename>1197.jpg</filename>
    <path>黑点-PascalVOC-export/Annotations/1197.jpg</path>
    <source>
        <database>Unknown</database>
    </source>
    <size>
        <width>816</width>
        <height>420</height>
        <depth>3</depth>
    </size>
    <segmented>0</segmented>
    <object>
    <name>black</name>
    <pose>Unspecified</pose>
    <truncated>0</truncated>
    <difficult>0</difficult>
    <bndbox>
        <xmin>82.6685044796692</xmin>
        <ymin>256.6227409638554</ymin>
        <xmax>119.22260509993109</xmax>
        <ymax>293.73117469879514</ymax>
    </bndbox>
</object>
</annotation>
