<annotation verified="yes">
    <folder>Annotation</folder>
    <filename>1198.jpg</filename>
    <path>黑点-PascalVOC-export/Annotations/1198.jpg</path>
    <source>
        <database>Unknown</database>
    </source>
    <size>
        <width>816</width>
        <height>420</height>
        <depth>3</depth>
    </size>
    <segmented>0</segmented>
    <object>
    <name>black</name>
    <pose>Unspecified</pose>
    <truncated>0</truncated>
    <difficult>0</difficult>
    <bndbox>
        <xmin>435.2749827705031</xmin>
        <ymin>129.55446787148594</ymin>
        <xmax>475.2033080634045</xmax>
        <ymax>164.41390562248995</ymax>
    </bndbox>
</object>
</annotation>
