<annotation verified="yes">
    <folder>Annotation</folder>
    <filename>1199.jpg</filename>
    <path>黑点-PascalVOC-export/Annotations/1199.jpg</path>
    <source>
        <database>Unknown</database>
    </source>
    <size>
        <width>816</width>
        <height>420</height>
        <depth>3</depth>
    </size>
    <segmented>0</segmented>
    <object>
    <name>black</name>
    <pose>Unspecified</pose>
    <truncated>0</truncated>
    <difficult>0</difficult>
    <bndbox>
        <xmin>681.5933838731909</xmin>
        <ymin>122.24523092369478</ymin>
        <xmax>726.0206753962784</xmax>
        <ymax>170.0363955823293</ymax>
    </bndbox>
</object>
</annotation>
