<annotation verified="yes">
    <folder>Annotation</folder>
    <filename>1200.jpg</filename>
    <path>黑点-PascalVOC-export/Annotations/1200.jpg</path>
    <source>
        <database>Unknown</database>
    </source>
    <size>
        <width>816</width>
        <height>420</height>
        <depth>3</depth>
    </size>
    <segmented>0</segmented>
    <object>
    <name>black</name>
    <pose>Unspecified</pose>
    <truncated>0</truncated>
    <difficult>0</difficult>
    <bndbox>
        <xmin>35.99172984148863</xmin>
        <ymin>198.14884538152612</ymin>
        <xmax>104.03859407305308</xmax>
        <ymax>252.68699799196787</ymax>
    </bndbox>
</object>
</annotation>
