<annotation verified="yes">
    <folder>Annotation</folder>
    <filename>1201.jpg</filename>
    <path>黑点-PascalVOC-export/Annotations/1201.jpg</path>
    <source>
        <database>Unknown</database>
    </source>
    <size>
        <width>816</width>
        <height>420</height>
        <depth>3</depth>
    </size>
    <segmented>0</segmented>
    <object>
    <name>black</name>
    <pose>Unspecified</pose>
    <truncated>0</truncated>
    <difficult>0</difficult>
    <bndbox>
        <xmin>723.2088215024121</xmin>
        <ymin>62.64683734939759</ymin>
        <xmax>769.8855961405926</xmax>
        <ymax>94.132781124498</ymax>
    </bndbox>
</object>
</annotation>
