<annotation verified="yes">
    <folder>Annotation</folder>
    <filename>1202.jpg</filename>
    <path>黑点-PascalVOC-export/Annotations/1202.jpg</path>
    <source>
        <database>Unknown</database>
    </source>
    <size>
        <width>816</width>
        <height>420</height>
        <depth>3</depth>
    </size>
    <segmented>0</segmented>
    <object>
    <name>black</name>
    <pose>Unspecified</pose>
    <truncated>0</truncated>
    <difficult>0</difficult>
    <bndbox>
        <xmin>185.0199862164025</xmin>
        <ymin>94.69503012048193</ymin>
        <xmax>219.32460372157135</xmax>
        <ymax>128.42996987951807</ymax>
    </bndbox>
</object>
</annotation>
