<annotation verified="yes">
    <folder>Annotation</folder>
    <filename>1203.jpg</filename>
    <path>黑点-PascalVOC-export/Annotations/1203.jpg</path>
    <source>
        <database>Unknown</database>
    </source>
    <size>
        <width>816</width>
        <height>420</height>
        <depth>3</depth>
    </size>
    <segmented>0</segmented>
    <object>
    <name>black</name>
    <pose>Unspecified</pose>
    <truncated>0</truncated>
    <difficult>0</difficult>
    <bndbox>
        <xmin>521.8800827015851</xmin>
        <ymin>292.04442771084337</ymin>
        <xmax>567.4321157822192</xmax>
        <ymax>329.1528614457831</ymax>
    </bndbox>
</object>
</annotation>
