<annotation verified="yes">
    <folder>Annotation</folder>
    <filename>1204.jpg</filename>
    <path>黑点-PascalVOC-export/Annotations/1204.jpg</path>
    <source>
        <database>Unknown</database>
    </source>
    <size>
        <width>816</width>
        <height>420</height>
        <depth>3</depth>
    </size>
    <segmented>0</segmented>
    <object>
    <name>black</name>
    <pose>Unspecified</pose>
    <truncated>0</truncated>
    <difficult>0</difficult>
    <bndbox>
        <xmin>267.68849069607165</xmin>
        <ymin>217.82756024096386</ymin>
        <xmax>297.49414197105443</xmax>
        <ymax>250.43800200803213</ymax>
    </bndbox>
</object>
</annotation>
