<annotation verified="yes">
    <folder>Annotation</folder>
    <filename>1205.jpg</filename>
    <path>黑点-PascalVOC-export/Annotations/1205.jpg</path>
    <source>
        <database>Unknown</database>
    </source>
    <size>
        <width>816</width>
        <height>420</height>
        <depth>3</depth>
    </size>
    <segmented>0</segmented>
    <object>
    <name>black</name>
    <pose>Unspecified</pose>
    <truncated>0</truncated>
    <difficult>0</difficult>
    <bndbox>
        <xmin>291.87043418332183</xmin>
        <ymin>283.0484437751004</ymin>
        <xmax>330.1116471399035</xmax>
        <ymax>320.7191265060241</ymax>
    </bndbox>
</object>
</annotation>
