<annotation verified="yes">
    <folder>Annotation</folder>
    <filename>1206.jpg</filename>
    <path>黑点-PascalVOC-export/Annotations/1206.jpg</path>
    <source>
        <database>Unknown</database>
    </source>
    <size>
        <width>816</width>
        <height>420</height>
        <depth>3</depth>
    </size>
    <segmented>0</segmented>
    <object>
    <name>black</name>
    <pose>Unspecified</pose>
    <truncated>0</truncated>
    <difficult>0</difficult>
    <bndbox>
        <xmin>88.2922122674018</xmin>
        <ymin>128.42996987951807</ymin>
        <xmax>131.5947622329428</xmax>
        <ymax>169.47414658634537</ymax>
    </bndbox>
</object>
</annotation>
