<annotation verified="yes">
    <folder>Annotation</folder>
    <filename>1207.jpg</filename>
    <path>黑点-PascalVOC-export/Annotations/1207.jpg</path>
    <source>
        <database>Unknown</database>
    </source>
    <size>
        <width>816</width>
        <height>420</height>
        <depth>3</depth>
    </size>
    <segmented>0</segmented>
    <object>
    <name>black</name>
    <pose>Unspecified</pose>
    <truncated>0</truncated>
    <difficult>0</difficult>
    <bndbox>
        <xmin>160.27567195037904</xmin>
        <ymin>318.47013052208837</ymin>
        <xmax>189.51895244658854</xmax>
        <ymax>349.39382530120486</ymax>
    </bndbox>
</object>
</annotation>
