<annotation verified="yes">
    <folder>Annotation</folder>
    <filename>1208.jpg</filename>
    <path>黑点-PascalVOC-export/Annotations/1208.jpg</path>
    <source>
        <database>Unknown</database>
    </source>
    <size>
        <width>816</width>
        <height>420</height>
        <depth>3</depth>
    </size>
    <segmented>0</segmented>
    <object>
    <name>black</name>
    <pose>Unspecified</pose>
    <truncated>0</truncated>
    <difficult>0</difficult>
    <bndbox>
        <xmin>738.9552033080633</xmin>
        <ymin>145.85968875502007</ymin>
        <xmax>776.6340454858718</xmax>
        <ymax>179.03237951807228</ymax>
    </bndbox>
</object>
</annotation>
