<annotation verified="yes">
    <folder>Annotation</folder>
    <filename>1209.jpg</filename>
    <path>黑点-PascalVOC-export/Annotations/1209.jpg</path>
    <source>
        <database>Unknown</database>
    </source>
    <size>
        <width>816</width>
        <height>420</height>
        <depth>3</depth>
    </size>
    <segmented>0</segmented>
    <object>
    <name>black</name>
    <pose>Unspecified</pose>
    <truncated>0</truncated>
    <difficult>0</difficult>
    <bndbox>
        <xmin>390.8476912474156</xmin>
        <ymin>333.0886044176707</ymin>
        <xmax>431.3383873190903</xmax>
        <ymax>364.0122991967872</ymax>
    </bndbox>
</object>
</annotation>
