<annotation verified="yes">
    <folder>Annotation</folder>
    <filename>1210.jpg</filename>
    <path>黑点-PascalVOC-export/Annotations/1210.jpg</path>
    <source>
        <database>Unknown</database>
    </source>
    <size>
        <width>816</width>
        <height>420</height>
        <depth>3</depth>
    </size>
    <segmented>0</segmented>
    <object>
    <name>black</name>
    <pose>Unspecified</pose>
    <truncated>0</truncated>
    <difficult>0</difficult>
    <bndbox>
        <xmin>618.0454858718125</xmin>
        <ymin>125.61872489959839</ymin>
        <xmax>737.8304617505169</xmax>
        <ymax>219.51430722891564</ymax>
    </bndbox>
</object>
</annotation>
