<annotation verified="yes">
    <folder>Annotation</folder>
    <filename>1211.jpg</filename>
    <path>黑点-PascalVOC-export/Annotations/1211.jpg</path>
    <source>
        <database>Unknown</database>
    </source>
    <size>
        <width>816</width>
        <height>420</height>
        <depth>3</depth>
    </size>
    <segmented>0</segmented>
    <object>
    <name>black</name>
    <pose>Unspecified</pose>
    <truncated>0</truncated>
    <difficult>0</difficult>
    <bndbox>
        <xmin>156.9014472777395</xmin>
        <ymin>70.51832329317268</ymin>
        <xmax>189.51895244658857</xmax>
        <ymax>104.25326305220884</ymax>
    </bndbox>
</object>
</annotation>
