<annotation verified="yes">
    <folder>Annotation</folder>
    <filename>1212.jpg</filename>
    <path>黑点-PascalVOC-export/Annotations/1212.jpg</path>
    <source>
        <database>Unknown</database>
    </source>
    <size>
        <width>816</width>
        <height>420</height>
        <depth>3</depth>
    </size>
    <segmented>0</segmented>
    <object>
    <name>black</name>
    <pose>Unspecified</pose>
    <truncated>0</truncated>
    <difficult>0</difficult>
    <bndbox>
        <xmin>544.9372846312888</xmin>
        <ymin>322.4058734939759</ymin>
        <xmax>588.8022053756031</xmax>
        <ymax>380.3175200803213</ymax>
    </bndbox>
</object>
</annotation>
