<annotation verified="yes">
    <folder>Annotation</folder>
    <filename>1213.jpg</filename>
    <path>黑点-PascalVOC-export/Annotations/1213.jpg</path>
    <source>
        <database>Unknown</database>
    </source>
    <size>
        <width>816</width>
        <height>420</height>
        <depth>3</depth>
    </size>
    <segmented>0</segmented>
    <object>
    <name>black</name>
    <pose>Unspecified</pose>
    <truncated>0</truncated>
    <difficult>0</difficult>
    <bndbox>
        <xmin>147.90351481736732</xmin>
        <ymin>67.14482931726907</ymin>
        <xmax>196.82977257064093</xmax>
        <ymax>105.37776104417671</ymax>
    </bndbox>
</object>
</annotation>
