<annotation verified="yes">
    <folder>Annotation</folder>
    <filename>1214.jpg</filename>
    <path>黑点-PascalVOC-export/Annotations/1214.jpg</path>
    <source>
        <database>Unknown</database>
    </source>
    <size>
        <width>816</width>
        <height>420</height>
        <depth>3</depth>
    </size>
    <segmented>0</segmented>
    <object>
    <name>black</name>
    <pose>Unspecified</pose>
    <truncated>0</truncated>
    <difficult>0</difficult>
    <bndbox>
        <xmin>723.2088215024121</xmin>
        <ymin>40.7191265060241</ymin>
        <xmax>758.6381805651274</xmax>
        <ymax>68.26932730923696</ymax>
    </bndbox>
</object>
</annotation>
