<annotation verified="yes">
    <folder>Annotation</folder>
    <filename>1215.jpg</filename>
    <path>黑点-PascalVOC-export/Annotations/1215.jpg</path>
    <source>
        <database>Unknown</database>
    </source>
    <size>
        <width>816</width>
        <height>420</height>
        <depth>3</depth>
    </size>
    <segmented>0</segmented>
    <object>
    <name>black</name>
    <pose>Unspecified</pose>
    <truncated>0</truncated>
    <difficult>0</difficult>
    <bndbox>
        <xmin>470.1419710544452</xmin>
        <ymin>215.57856425702812</ymin>
        <xmax>499.38525155065474</xmax>
        <ymax>245.3777610441767</ymax>
    </bndbox>
</object>
</annotation>
