<annotation verified="yes">
    <folder>Annotation</folder>
    <filename>1216.jpg</filename>
    <path>黑点-PascalVOC-export/Annotations/1216.jpg</path>
    <source>
        <database>Unknown</database>
    </source>
    <size>
        <width>816</width>
        <height>420</height>
        <depth>3</depth>
    </size>
    <segmented>0</segmented>
    <object>
    <name>black</name>
    <pose>Unspecified</pose>
    <truncated>0</truncated>
    <difficult>0</difficult>
    <bndbox>
        <xmin>579.2419021364576</xmin>
        <ymin>82.32555220883535</ymin>
        <xmax>626.4810475534115</xmax>
        <ymax>124.49422690763052</ymax>
    </bndbox>
</object><object>
    <name>black</name>
    <pose>Unspecified</pose>
    <truncated>0</truncated>
    <difficult>0</difficult>
    <bndbox>
        <xmin>180.5210199862164</xmin>
        <ymin>154.2934236947791</ymin>
        <xmax>222.6988283942109</xmax>
        <ymax>191.40185742971886</ymax>
    </bndbox>
</object>
</annotation>
