<annotation verified="yes">
    <folder>Annotation</folder>
    <filename>1217.jpg</filename>
    <path>黑点-PascalVOC-export/Annotations/1217.jpg</path>
    <source>
        <database>Unknown</database>
    </source>
    <size>
        <width>816</width>
        <height>420</height>
        <depth>3</depth>
    </size>
    <segmented>0</segmented>
    <object>
    <name>black</name>
    <pose>Unspecified</pose>
    <truncated>0</truncated>
    <difficult>0</difficult>
    <bndbox>
        <xmin>199.64162646450723</xmin>
        <ymin>154.2934236947791</ymin>
        <xmax>240.13232253618193</xmax>
        <ymax>194.21310240963854</ymax>
    </bndbox>
</object>
</annotation>
