<annotation verified="yes">
    <folder>Annotation</folder>
    <filename>1218.jpg</filename>
    <path>黑点-PascalVOC-export/Annotations/1218.jpg</path>
    <source>
        <database>Unknown</database>
    </source>
    <size>
        <width>816</width>
        <height>420</height>
        <depth>3</depth>
    </size>
    <segmented>0</segmented>
    <object>
    <name>black</name>
    <pose>Unspecified</pose>
    <truncated>0</truncated>
    <difficult>0</difficult>
    <bndbox>
        <xmin>682.1557546519641</xmin>
        <ymin>365.69904618473896</ymin>
        <xmax>735.0186078566505</xmax>
        <ymax>398.3094879518072</ymax>
    </bndbox>
</object>
</annotation>
