<annotation verified="yes">
    <folder>Annotation</folder>
    <filename>1219.jpg</filename>
    <path>黑点-PascalVOC-export/Annotations/1219.jpg</path>
    <source>
        <database>Unknown</database>
    </source>
    <size>
        <width>816</width>
        <height>420</height>
        <depth>3</depth>
    </size>
    <segmented>0</segmented>
    <object>
    <name>black</name>
    <pose>Unspecified</pose>
    <truncated>0</truncated>
    <difficult>0</difficult>
    <bndbox>
        <xmin>276.6864231564438</xmin>
        <ymin>333.6508534136546</ymin>
        <xmax>321.11371467953137</xmax>
        <ymax>364.5745481927711</ymax>
    </bndbox>
</object>
</annotation>
