<annotation verified="yes">
    <folder>Annotation</folder>
    <filename>1220.jpg</filename>
    <path>黑点-PascalVOC-export/Annotations/1220.jpg</path>
    <source>
        <database>Unknown</database>
    </source>
    <size>
        <width>816</width>
        <height>420</height>
        <depth>3</depth>
    </size>
    <segmented>0</segmented>
    <object>
    <name>black</name>
    <pose>Unspecified</pose>
    <truncated>0</truncated>
    <difficult>0</difficult>
    <bndbox>
        <xmin>278.3735354927636</xmin>
        <ymin>322.96812248995985</ymin>
        <xmax>315.49000689179877</xmax>
        <ymax>348.8315763052209</ymax>
    </bndbox>
</object>
</annotation>
