<annotation verified="yes">
    <folder>Annotation</folder>
    <filename>1221.jpg</filename>
    <path>黑点-PascalVOC-export/Annotations/1221.jpg</path>
    <source>
        <database>Unknown</database>
    </source>
    <size>
        <width>816</width>
        <height>420</height>
        <depth>3</depth>
    </size>
    <segmented>0</segmented>
    <object>
    <name>black</name>
    <pose>Unspecified</pose>
    <truncated>0</truncated>
    <difficult>0</difficult>
    <bndbox>
        <xmin>541.000689179876</xmin>
        <ymin>215.57856425702812</ymin>
        <xmax>584.8656099241903</xmax>
        <ymax>252.12474899598394</ymax>
    </bndbox>
</object>
</annotation>
