<annotation verified="yes">
    <folder>Annotation</folder>
    <filename>1222.jpg</filename>
    <path>黑点-PascalVOC-export/Annotations/1222.jpg</path>
    <source>
        <database>Unknown</database>
    </source>
    <size>
        <width>816</width>
        <height>420</height>
        <depth>3</depth>
    </size>
    <segmented>0</segmented>
    <object>
    <name>black</name>
    <pose>Unspecified</pose>
    <truncated>0</truncated>
    <difficult>0</difficult>
    <bndbox>
        <xmin>0</xmin>
        <ymin>285.8596887550201</ymin>
        <xmax>43.302549965541004</xmax>
        <ymax>341.52233935742976</ymax>
    </bndbox>
</object>
</annotation>
