<annotation verified="yes">
    <folder>Annotation</folder>
    <filename>1223.jpg</filename>
    <path>黑点-PascalVOC-export/Annotations/1223.jpg</path>
    <source>
        <database>Unknown</database>
    </source>
    <size>
        <width>816</width>
        <height>420</height>
        <depth>3</depth>
    </size>
    <segmented>0</segmented>
    <object>
    <name>black</name>
    <pose>Unspecified</pose>
    <truncated>0</truncated>
    <difficult>0</difficult>
    <bndbox>
        <xmin>28.68090971743625</xmin>
        <ymin>112.12474899598394</ymin>
        <xmax>81.54376292212268</xmax>
        <ymax>154.85567269076304</ymax>
    </bndbox>
</object>
</annotation>
