<annotation verified="yes">
    <folder>Annotation</folder>
    <filename>1224.jpg</filename>
    <path>黑点-PascalVOC-export/Annotations/1224.jpg</path>
    <source>
        <database>Unknown</database>
    </source>
    <size>
        <width>816</width>
        <height>420</height>
        <depth>3</depth>
    </size>
    <segmented>0</segmented>
    <object>
    <name>black</name>
    <pose>Unspecified</pose>
    <truncated>0</truncated>
    <difficult>0</difficult>
    <bndbox>
        <xmin>347.5451412818746</xmin>
        <ymin>50.277359437751</ymin>
        <xmax>415.592005513439</xmax>
        <ymax>94.132781124498</ymax>
    </bndbox>
</object>
</annotation>
