<annotation verified="yes">
    <folder>Annotation</folder>
    <filename>1225.jpg</filename>
    <path>黑点-PascalVOC-export/Annotations/1225.jpg</path>
    <source>
        <database>Unknown</database>
    </source>
    <size>
        <width>816</width>
        <height>420</height>
        <depth>3</depth>
    </size>
    <segmented>0</segmented>
    <object>
    <name>black</name>
    <pose>Unspecified</pose>
    <truncated>0</truncated>
    <difficult>0</difficult>
    <bndbox>
        <xmin>316.052377670572</xmin>
        <ymin>27.225150602409638</ymin>
        <xmax>362.1667815299793</xmax>
        <ymax>52.526355421686745</ymax>
    </bndbox>
</object>
</annotation>
