<annotation verified="yes">
    <folder>Annotation</folder>
    <filename>1226.jpg</filename>
    <path>黑点-PascalVOC-export/Annotations/1226.jpg</path>
    <source>
        <database>Unknown</database>
    </source>
    <size>
        <width>816</width>
        <height>420</height>
        <depth>3</depth>
    </size>
    <segmented>0</segmented>
    <object>
    <name>black</name>
    <pose>Unspecified</pose>
    <truncated>0</truncated>
    <difficult>0</difficult>
    <bndbox>
        <xmin>642.789800137836</xmin>
        <ymin>64.89583333333333</ymin>
        <xmax>679.9062715368711</xmax>
        <ymax>85.69904618473895</ymax>
    </bndbox>
</object>
</annotation>
