<annotation verified="yes">
    <folder>Annotation</folder>
    <filename>1227.jpg</filename>
    <path>黑点-PascalVOC-export/Annotations/1227.jpg</path>
    <source>
        <database>Unknown</database>
    </source>
    <size>
        <width>816</width>
        <height>420</height>
        <depth>3</depth>
    </size>
    <segmented>0</segmented>
    <object>
    <name>black</name>
    <pose>Unspecified</pose>
    <truncated>0</truncated>
    <difficult>0</difficult>
    <bndbox>
        <xmin>341.3590627153687</xmin>
        <ymin>40.15687751004016</ymin>
        <xmax>395.34665747760164</xmax>
        <ymax>77.26531124497993</ymax>
    </bndbox>
</object>
</annotation>
