<annotation verified="yes">
    <folder>Annotation</folder>
    <filename>1228.jpg</filename>
    <path>黑点-PascalVOC-export/Annotations/1228.jpg</path>
    <source>
        <database>Unknown</database>
    </source>
    <size>
        <width>816</width>
        <height>420</height>
        <depth>3</depth>
    </size>
    <segmented>0</segmented>
    <object>
    <name>black</name>
    <pose>Unspecified</pose>
    <truncated>0</truncated>
    <difficult>0</difficult>
    <bndbox>
        <xmin>292.9951757408684</xmin>
        <ymin>99.75527108433735</ymin>
        <xmax>337.4224672639559</xmax>
        <ymax>137.98820281124497</ymax>
    </bndbox>
</object>
</annotation>
