<annotation verified="yes">
    <folder>Annotation</folder>
    <filename>1229.jpg</filename>
    <path>黑点-PascalVOC-export/Annotations/1229.jpg</path>
    <source>
        <database>Unknown</database>
    </source>
    <size>
        <width>816</width>
        <height>420</height>
        <depth>3</depth>
    </size>
    <segmented>0</segmented>
    <object>
    <name>black</name>
    <pose>Unspecified</pose>
    <truncated>0</truncated>
    <difficult>0</difficult>
    <bndbox>
        <xmin>576.430048242591</xmin>
        <ymin>385.7028112449799</ymin>
        <xmax>651.787732598208</xmax>
        <ymax>420</ymax>
    </bndbox>
</object>
</annotation>
