<annotation verified="yes">
    <folder>Annotation</folder>
    <filename>1230.jpg</filename>
    <path>黑点-PascalVOC-export/Annotations/1230.jpg</path>
    <source>
        <database>Unknown</database>
    </source>
    <size>
        <width>816</width>
        <height>420</height>
        <depth>3</depth>
    </size>
    <segmented>0</segmented>
    <object>
    <name>black</name>
    <pose>Unspecified</pose>
    <truncated>0</truncated>
    <difficult>0</difficult>
    <bndbox>
        <xmin>523.5671950379049</xmin>
        <ymin>328.02836345381525</ymin>
        <xmax>571.368711233632</xmax>
        <ymax>361.2010542168675</ymax>
    </bndbox>
</object>
</annotation>
