<annotation verified="yes">
    <folder>Annotation</folder>
    <filename>1231.jpg</filename>
    <path>黑点-PascalVOC-export/Annotations/1231.jpg</path>
    <source>
        <database>Unknown</database>
    </source>
    <size>
        <width>816</width>
        <height>420</height>
        <depth>3</depth>
    </size>
    <segmented>0</segmented>
    <object>
    <name>black</name>
    <pose>Unspecified</pose>
    <truncated>0</truncated>
    <difficult>0</difficult>
    <bndbox>
        <xmin>341.921433494142</xmin>
        <ymin>204.89583333333334</ymin>
        <xmax>377.9131633356306</xmax>
        <ymax>238.06852409638554</ymax>
    </bndbox>
</object>
</annotation>
