<annotation verified="yes">
    <folder>Annotation</folder>
    <filename>1232.jpg</filename>
    <path>黑点-PascalVOC-export/Annotations/1232.jpg</path>
    <source>
        <database>Unknown</database>
    </source>
    <size>
        <width>816</width>
        <height>420</height>
        <depth>3</depth>
    </size>
    <segmented>0</segmented>
    <object>
    <name>black</name>
    <pose>Unspecified</pose>
    <truncated>0</truncated>
    <difficult>0</difficult>
    <bndbox>
        <xmin>614.6712611991729</xmin>
        <ymin>45.77936746987952</ymin>
        <xmax>657.4114403859406</xmax>
        <ymax>71.08057228915662</ymax>
    </bndbox>
</object>
</annotation>
