<annotation verified="yes">
    <folder>Annotation</folder>
    <filename>1233.jpg</filename>
    <path>黑点-PascalVOC-export/Annotations/1233.jpg</path>
    <source>
        <database>Unknown</database>
    </source>
    <size>
        <width>816</width>
        <height>420</height>
        <depth>3</depth>
    </size>
    <segmented>0</segmented>
    <object>
    <name>black</name>
    <pose>Unspecified</pose>
    <truncated>0</truncated>
    <difficult>0</difficult>
    <bndbox>
        <xmin>159.7133011716058</xmin>
        <ymin>346.0203313253012</ymin>
        <xmax>200.76636802205377</xmax>
        <ymax>371.3215361445783</ymax>
    </bndbox>
</object>
</annotation>
