<annotation verified="yes">
    <folder>Annotation</folder>
    <filename>1234.jpg</filename>
    <path>黑点-PascalVOC-export/Annotations/1234.jpg</path>
    <source>
        <database>Unknown</database>
    </source>
    <size>
        <width>816</width>
        <height>420</height>
        <depth>3</depth>
    </size>
    <segmented>0</segmented>
    <object>
    <name>black</name>
    <pose>Unspecified</pose>
    <truncated>0</truncated>
    <difficult>0</difficult>
    <bndbox>
        <xmin>370.6023432115782</xmin>
        <ymin>107.06450803212851</ymin>
        <xmax>418.4038594073053</xmax>
        <ymax>142.48619477911646</ymax>
    </bndbox>
</object>
</annotation>
