<annotation verified="yes">
    <folder>Annotation</folder>
    <filename>1235.jpg</filename>
    <path>黑点-PascalVOC-export/Annotations/1235.jpg</path>
    <source>
        <database>Unknown</database>
    </source>
    <size>
        <width>816</width>
        <height>420</height>
        <depth>3</depth>
    </size>
    <segmented>0</segmented>
    <object>
    <name>black</name>
    <pose>Unspecified</pose>
    <truncated>0</truncated>
    <difficult>0</difficult>
    <bndbox>
        <xmin>196.26740179186768</xmin>
        <ymin>317.3456325301205</ymin>
        <xmax>370.039972432805</xmax>
        <ymax>412.36571285140565</ymax>
    </bndbox>
</object>
</annotation>
