<annotation verified="yes">
    <folder>Annotation</folder>
    <filename>1236.jpg</filename>
    <path>黑点-PascalVOC-export/Annotations/1236.jpg</path>
    <source>
        <database>Unknown</database>
    </source>
    <size>
        <width>816</width>
        <height>420</height>
        <depth>3</depth>
    </size>
    <segmented>0</segmented>
    <object>
    <name>black</name>
    <pose>Unspecified</pose>
    <truncated>0</truncated>
    <difficult>0</difficult>
    <bndbox>
        <xmin>241.81943487250172</xmin>
        <ymin>375.8195281124498</ymin>
        <xmax>278.3735354927636</xmax>
        <ymax>402.2452309236948</ymax>
    </bndbox>
</object>
</annotation>
