<annotation verified="yes">
    <folder>Annotation</folder>
    <filename>1237.jpg</filename>
    <path>黑点-PascalVOC-export/Annotations/1237.jpg</path>
    <source>
        <database>Unknown</database>
    </source>
    <size>
        <width>816</width>
        <height>420</height>
        <depth>3</depth>
    </size>
    <segmented>0</segmented>
    <object>
    <name>black</name>
    <pose>Unspecified</pose>
    <truncated>0</truncated>
    <difficult>0</difficult>
    <bndbox>
        <xmin>296.3694004135079</xmin>
        <ymin>300.4781626506024</ymin>
        <xmax>355.41833218470015</xmax>
        <ymax>347.707078313253</ymax>
    </bndbox>
</object>
</annotation>
