<annotation verified="yes">
    <folder>Annotation</folder>
    <filename>1238.jpg</filename>
    <path>黑点-PascalVOC-export/Annotations/1238.jpg</path>
    <source>
        <database>Unknown</database>
    </source>
    <size>
        <width>816</width>
        <height>420</height>
        <depth>3</depth>
    </size>
    <segmented>0</segmented>
    <object>
    <name>black</name>
    <pose>Unspecified</pose>
    <truncated>0</truncated>
    <difficult>0</difficult>
    <bndbox>
        <xmin>81.54376292212267</xmin>
        <ymin>80.0765562248996</ymin>
        <xmax>122.03445899379737</xmax>
        <ymax>113.81149598393574</ymax>
    </bndbox>
</object>
</annotation>
