<annotation verified="yes">
    <folder>Annotation</folder>
    <filename>1239.jpg</filename>
    <path>黑点-PascalVOC-export/Annotations/1239.jpg</path>
    <source>
        <database>Unknown</database>
    </source>
    <size>
        <width>816</width>
        <height>420</height>
        <depth>3</depth>
    </size>
    <segmented>0</segmented>
    <object>
    <name>black</name>
    <pose>Unspecified</pose>
    <truncated>0</truncated>
    <difficult>0</difficult>
    <bndbox>
        <xmin>21.370089593383874</xmin>
        <ymin>351.08057228915663</ymin>
        <xmax>60.73604410751206</xmax>
        <ymax>387.6267570281125</ymax>
    </bndbox>
</object>
</annotation>
