<annotation verified="yes">
    <folder>Annotation</folder>
    <filename>1240.jpg</filename>
    <path>黑点-PascalVOC-export/Annotations/1240.jpg</path>
    <source>
        <database>Unknown</database>
    </source>
    <size>
        <width>816</width>
        <height>420</height>
        <depth>3</depth>
    </size>
    <segmented>0</segmented>
    <object>
    <name>black</name>
    <pose>Unspecified</pose>
    <truncated>0</truncated>
    <difficult>0</difficult>
    <bndbox>
        <xmin>610.1722949689869</xmin>
        <ymin>312.28539156626505</ymin>
        <xmax>668.0964851826326</xmax>
        <ymax>349.95607429718876</ymax>
    </bndbox>
</object>
</annotation>
