<annotation verified="yes">
    <folder>Annotation</folder>
    <filename>1241.jpg</filename>
    <path>黑点-PascalVOC-export/Annotations/1241.jpg</path>
    <source>
        <database>Unknown</database>
    </source>
    <size>
        <width>816</width>
        <height>420</height>
        <depth>3</depth>
    </size>
    <segmented>0</segmented>
    <object>
    <name>black</name>
    <pose>Unspecified</pose>
    <truncated>0</truncated>
    <difficult>0</difficult>
    <bndbox>
        <xmin>689.4665747760165</xmin>
        <ymin>337.5865963855422</ymin>
        <xmax>744.0165403170226</xmax>
        <ymax>378.06852409638554</ymax>
    </bndbox>
</object>
</annotation>
