<annotation verified="yes">
    <folder>Annotation</folder>
    <filename>1242.jpg</filename>
    <path>黑点-PascalVOC-export/Annotations/1242.jpg</path>
    <source>
        <database>Unknown</database>
    </source>
    <size>
        <width>816</width>
        <height>420</height>
        <depth>3</depth>
    </size>
    <segmented>0</segmented>
    <object>
    <name>black</name>
    <pose>Unspecified</pose>
    <truncated>0</truncated>
    <difficult>0</difficult>
    <bndbox>
        <xmin>684.4052377670572</xmin>
        <ymin>41.84362449799197</ymin>
        <xmax>742.3294279807029</xmax>
        <ymax>79.51430722891567</ymax>
    </bndbox>
</object>
</annotation>
