<annotation verified="yes">
    <folder>Annotation</folder>
    <filename>1243.jpg</filename>
    <path>黑点-PascalVOC-export/Annotations/1243.jpg</path>
    <source>
        <database>Unknown</database>
    </source>
    <size>
        <width>816</width>
        <height>420</height>
        <depth>3</depth>
    </size>
    <segmented>0</segmented>
    <object>
    <name>black</name>
    <pose>Unspecified</pose>
    <truncated>0</truncated>
    <difficult>0</difficult>
    <bndbox>
        <xmin>419.5286009648518</xmin>
        <ymin>185.21711847389557</ymin>
        <xmax>458.89455547898</xmax>
        <ymax>234.6950301204819</ymax>
    </bndbox>
</object>
</annotation>
