<annotation verified="yes">
    <folder>Annotation</folder>
    <filename>1244.jpg</filename>
    <path>黑点-PascalVOC-export/Annotations/1244.jpg</path>
    <source>
        <database>Unknown</database>
    </source>
    <size>
        <width>816</width>
        <height>420</height>
        <depth>3</depth>
    </size>
    <segmented>0</segmented>
    <object>
    <name>black</name>
    <pose>Unspecified</pose>
    <truncated>0</truncated>
    <difficult>0</difficult>
    <bndbox>
        <xmin>561.8084079944865</xmin>
        <ymin>219.51430722891567</ymin>
        <xmax>610.1722949689869</xmax>
        <ymax>260.55848393574297</ymax>
    </bndbox>
</object>
</annotation>
