<annotation verified="yes">
    <folder>Annotation</folder>
    <filename>1245.jpg</filename>
    <path>黑点-PascalVOC-export/Annotations/1245.jpg</path>
    <source>
        <database>Unknown</database>
    </source>
    <size>
        <width>816</width>
        <height>420</height>
        <depth>3</depth>
    </size>
    <segmented>0</segmented>
    <object>
    <name>black</name>
    <pose>Unspecified</pose>
    <truncated>0</truncated>
    <difficult>0</difficult>
    <bndbox>
        <xmin>379.0379048931771</xmin>
        <ymin>222.32555220883535</ymin>
        <xmax>412.21778084079943</xmax>
        <ymax>249.8757530120482</ymax>
    </bndbox>
</object><object>
    <name>black</name>
    <pose>Unspecified</pose>
    <truncated>0</truncated>
    <difficult>0</difficult>
    <bndbox>
        <xmin>65.23501033769814</xmin>
        <ymin>220.63880522088354</ymin>
        <xmax>96.16540317022744</xmax>
        <ymax>247.62675702811245</ymax>
    </bndbox>
</object>
</annotation>
