<annotation verified="yes">
    <folder>Annotation</folder>
    <filename>1247.jpg</filename>
    <path>黑点-PascalVOC-export/Annotations/1247.jpg</path>
    <source>
        <database>Unknown</database>
    </source>
    <size>
        <width>816</width>
        <height>420</height>
        <depth>3</depth>
    </size>
    <segmented>0</segmented>
    <object>
    <name>black</name>
    <pose>Unspecified</pose>
    <truncated>0</truncated>
    <difficult>0</difficult>
    <bndbox>
        <xmin>134.96898690558234</xmin>
        <ymin>277.42595381526104</ymin>
        <xmax>190.64369400413506</xmax>
        <ymax>323.53037148594376</ymax>
    </bndbox>
</object><object>
    <name>black</name>
    <pose>Unspecified</pose>
    <truncated>0</truncated>
    <difficult>0</difficult>
    <bndbox>
        <xmin>412.7801516195727</xmin>
        <ymin>342.08458835341366</ymin>
        <xmax>460.0192970365265</xmax>
        <ymax>374.132781124498</ymax>
    </bndbox>
</object>
</annotation>
