<annotation verified="yes">
    <folder>Annotation</folder>
    <filename>1248.jpg</filename>
    <path>黑点-PascalVOC-export/Annotations/1248.jpg</path>
    <source>
        <database>Unknown</database>
    </source>
    <size>
        <width>816</width>
        <height>420</height>
        <depth>3</depth>
    </size>
    <segmented>0</segmented>
    <object>
    <name>black</name>
    <pose>Unspecified</pose>
    <truncated>0</truncated>
    <difficult>0</difficult>
    <bndbox>
        <xmin>147.34114403859408</xmin>
        <ymin>316.78338353413653</ymin>
        <xmax>205.26533425223982</xmax>
        <ymax>362.32555220883535</ymax>
    </bndbox>
</object>
</annotation>
