<annotation verified="yes">
    <folder>Annotation</folder>
    <filename>1249.jpg</filename>
    <path>黑点-PascalVOC-export/Annotations/1249.jpg</path>
    <source>
        <database>Unknown</database>
    </source>
    <size>
        <width>816</width>
        <height>420</height>
        <depth>3</depth>
    </size>
    <segmented>0</segmented>
    <object>
    <name>black</name>
    <pose>Unspecified</pose>
    <truncated>0</truncated>
    <difficult>0</difficult>
    <bndbox>
        <xmin>603.986216402481</xmin>
        <ymin>65.45808232931726</ymin>
        <xmax>671.4707098552722</xmax>
        <ymax>103.12876506024097</ymax>
    </bndbox>
</object>
</annotation>
