<annotation verified="yes">
    <folder>Annotation</folder>
    <filename>1250.jpg</filename>
    <path>黑点-PascalVOC-export/Annotations/1250.jpg</path>
    <source>
        <database>Unknown</database>
    </source>
    <size>
        <width>816</width>
        <height>420</height>
        <depth>3</depth>
    </size>
    <segmented>0</segmented>
    <object>
    <name>black</name>
    <pose>Unspecified</pose>
    <truncated>0</truncated>
    <difficult>0</difficult>
    <bndbox>
        <xmin>549.4362508614748</xmin>
        <ymin>130.11671686746988</ymin>
        <xmax>602.8614748449345</xmax>
        <ymax>166.6629016064257</ymax>
    </bndbox>
</object>
</annotation>
