<annotation verified="yes">
    <folder>Annotation</folder>
    <filename>1251.jpg</filename>
    <path>黑点-PascalVOC-export/Annotations/1251.jpg</path>
    <source>
        <database>Unknown</database>
    </source>
    <size>
        <width>816</width>
        <height>420</height>
        <depth>3</depth>
    </size>
    <segmented>0</segmented>
    <object>
    <name>black</name>
    <pose>Unspecified</pose>
    <truncated>0</truncated>
    <difficult>0</difficult>
    <bndbox>
        <xmin>203.57822191592004</xmin>
        <ymin>224.01229919678715</ymin>
        <xmax>244.63128876636802</xmax>
        <ymax>261.12073293172693</ymax>
    </bndbox>
</object>
</annotation>
