<annotation verified="yes">
    <folder>Annotation</folder>
    <filename>1252.jpg</filename>
    <path>黑点-PascalVOC-export/Annotations/1252.jpg</path>
    <source>
        <database>Unknown</database>
    </source>
    <size>
        <width>816</width>
        <height>420</height>
        <depth>3</depth>
    </size>
    <segmented>0</segmented>
    <object>
    <name>black</name>
    <pose>Unspecified</pose>
    <truncated>0</truncated>
    <difficult>0</difficult>
    <bndbox>
        <xmin>785.0696071674707</xmin>
        <ymin>63.20908634538153</ymin>
        <xmax>815.4376292212266</xmax>
        <ymax>111.32530120481928</ymax>
    </bndbox>
</object>
</annotation>
