<annotation verified="yes">
    <folder>Annotation</folder>
    <filename>1253.jpg</filename>
    <path>黑点-PascalVOC-export/Annotations/1253.jpg</path>
    <source>
        <database>Unknown</database>
    </source>
    <size>
        <width>816</width>
        <height>420</height>
        <depth>3</depth>
    </size>
    <segmented>0</segmented>
    <object>
    <name>black</name>
    <pose>Unspecified</pose>
    <truncated>0</truncated>
    <difficult>0</difficult>
    <bndbox>
        <xmin>730.5196416264645</xmin>
        <ymin>329.1528614457831</ymin>
        <xmax>765.3866299104066</xmax>
        <ymax>366.26129518072287</ymax>
    </bndbox>
</object>
</annotation>
