<annotation verified="yes">
    <folder>Annotation</folder>
    <filename>1254.jpg</filename>
    <path>黑点-PascalVOC-export/Annotations/1254.jpg</path>
    <source>
        <database>Unknown</database>
    </source>
    <size>
        <width>816</width>
        <height>420</height>
        <depth>3</depth>
    </size>
    <segmented>0</segmented>
    <object>
    <name>black</name>
    <pose>Unspecified</pose>
    <truncated>0</truncated>
    <difficult>0</difficult>
    <bndbox>
        <xmin>88.2922122674018</xmin>
        <ymin>248.1890060240964</ymin>
        <xmax>137.2184700206754</xmax>
        <ymax>291.48217871485946</ymax>
    </bndbox>
</object>
</annotation>
