<annotation verified="yes">
    <folder>Annotation</folder>
    <filename>1255.jpg</filename>
    <path>黑点-PascalVOC-export/Annotations/1255.jpg</path>
    <source>
        <database>Unknown</database>
    </source>
    <size>
        <width>816</width>
        <height>420</height>
        <depth>3</depth>
    </size>
    <segmented>0</segmented>
    <object>
    <name>black</name>
    <pose>Unspecified</pose>
    <truncated>0</truncated>
    <difficult>0</difficult>
    <bndbox>
        <xmin>495.4486560992419</xmin>
        <ymin>73.8918172690763</ymin>
        <xmax>585.4279807029634</xmax>
        <ymax>135.1769578313253</ymax>
    </bndbox>
</object>
</annotation>
