<annotation verified="yes">
    <folder>Annotation</folder>
    <filename>1256.jpg</filename>
    <path>黑点-PascalVOC-export/Annotations/1256.jpg</path>
    <source>
        <database>Unknown</database>
    </source>
    <size>
        <width>816</width>
        <height>420</height>
        <depth>3</depth>
    </size>
    <segmented>0</segmented>
    <object>
    <name>black</name>
    <pose>Unspecified</pose>
    <truncated>0</truncated>
    <difficult>0</difficult>
    <bndbox>
        <xmin>318.8642315644383</xmin>
        <ymin>331.9641064257028</ymin>
        <xmax>358.2301860785665</xmax>
        <ymax>372.4460341365462</ymax>
    </bndbox>
</object>
</annotation>
