<annotation verified="yes">
    <folder>Annotation</folder>
    <filename>1257.jpg</filename>
    <path>黑点-PascalVOC-export/Annotations/1257.jpg</path>
    <source>
        <database>Unknown</database>
    </source>
    <size>
        <width>816</width>
        <height>420</height>
        <depth>3</depth>
    </size>
    <segmented>0</segmented>
    <object>
    <name>black</name>
    <pose>Unspecified</pose>
    <truncated>0</truncated>
    <difficult>0</difficult>
    <bndbox>
        <xmin>219.8869745003446</xmin>
        <ymin>221.20105421686748</ymin>
        <xmax>278.3735354927636</xmax>
        <ymax>254.37374497991968</ymax>
    </bndbox>
</object>
</annotation>
